date,approximate_time,total_num_transports,num_unique_transports,night_travel_ratio,hours_per_transit,activity_time,is_activity,is_tour,activity_count,novelty_flag,primary_transport_0,primary_transport_2,primary_transport_3,primary_transport_4,activity_type_0,activity_type_1,activity_type_2,activity_type_3,activity_type_4,activity_type_5
2024-03-05,0.0,0.0,0.0,0.0,0.0,0.42831734103139474,0.0,1.0,0.5,1.0,1.0,0.0,0.0,0.0,0.0,0.0,0.0,0.0,0.0,1.0
2024-03-06,0.5680609671737329,0.5,0.5,0.0,0.3076923076923077,0.0,0.0,0.0,0.0,0.0,0.0,1.0,0.0,0.0,1.0,0.0,0.0,0.0,0.0,0.0
2024-03-08,0.244650542118226,0.5,0.5,0.0,0.07692307692307693,0.8566346820627895,0.0,1.0,0.5,1.0,0.0,0.0,0.0,1.0,0.0,0.0,1.0,0.0,0.0,0.0
2024-03-09,0.0,0.0,0.0,0.0,0.0,0.8566346820627895,0.0,1.0,0.5,0.0,1.0,0.0,0.0,0.0,0.0,0.0,1.0,0.0,0.0,0.0
2024-03-10,0.0,0.0,0.0,0.0,0.0,0.8566346820627895,0.0,1.0,0.5,0.0,1.0,0.0,0.0,0.0,0.0,0.0,1.0,0.0,0.0,0.0
2024-03-11,0.0,0.0,0.0,0.0,0.0,0.8566346820627895,0.0,1.0,0.5,0.0,1.0,0.0,0.0,0.0,0.0,0.0,1.0,0.0,0.0,0.0
2024-03-12,0.0,0.0,0.0,0.0,0.0,0.8566346820627895,0.0,1.0,0.5,0.0,1.0,0.0,0.0,0.0,0.0,0.0,1.0,0.0,0.0,0.0
2024-03-13,0.14311139292026404,0.5,0.5,0.0,0.038461538461538464,0.8566346820627895,1.0,0.0,0.5,1.0,0.0,0.0,0.0,1.0,0.0,0.0,1.0,0.0,0.0,0.0
2024-03-14,0.244650542118226,1.0,1.0,0.0,0.038461538461538464,0.8566346820627895,1.0,0.0,0.5,0.0,0.0,0.0,1.0,0.0,0.0,0.0,1.0,0.0,0.0,0.0
2024-03-15,0.0,0.0,0.0,0.0,0.0,0.8566346820627895,0.0,1.0,0.5,1.0,1.0,0.0,0.0,0.0,0.0,0.0,0.0,1.0,0.0,0.0
2024-03-16,0.35705073668409487,1.0,1.0,0.8571428571428571,0.0673076923076923,0.6274735630753033,0.0,1.0,0.5,1.0,0.0,0.0,0.0,1.0,0.0,0.0,0.0,0.0,0.0,1.0
2024-03-19,0.5680609671737329,1.0,0.5,0.0,0.15384615384615385,0.8566346820627895,1.0,0.0,0.5,1.0,0.0,0.0,1.0,0.0,0.0,0.0,1.0,0.0,0.0,0.0
2024-03-21,0.0,0.0,0.0,0.0,0.0,0.6985554954587144,1.0,1.0,1.0,1.0,1.0,0.0,0.0,0.0,0.0,0.0,0.0,0.0,0.0,1.0
2024-03-22,0.3877619350384901,1.0,0.5,0.0,0.07692307692307693,0.0,0.0,0.0,0.0,0.0,0.0,0.0,0.0,1.0,1.0,0.0,0.0,0.0,0.0,0.0
2024-03-24,0.489301084236452,0.5,0.5,0.0,0.23076923076923078,0.42831734103139474,1.0,0.0,0.5,1.0,0.0,0.0,1.0,0.0,0.0,0.0,1.0,0.0,0.0,0.0
2024-03-25,0.0,0.0,0.0,0.0,0.0,0.8566346820627895,1.0,0.0,0.5,1.0,1.0,0.0,0.0,0.0,0.0,0.0,1.0,0.0,0.0,0.0
2024-03-27,0.7755238700769802,0.5,0.5,0.0,0.6153846153846154,0.0,0.0,0.0,0.0,0.0,0.0,0.0,0.0,1.0,1.0,0.0,0.0,0.0,0.0,0.0
2024-03-28,0.244650542118226,1.0,0.5,0.0,0.038461538461538464,0.8566346820627895,1.0,0.0,0.5,1.0,0.0,0.0,0.0,1.0,0.0,0.0,1.0,0.0,0.0,0.0
2024-03-29,0.0,0.0,0.0,0.0,0.0,0.6274735630753033,0.0,1.0,0.5,1.0,1.0,0.0,0.0,0.0,0.0,0.0,0.0,0.0,0.0,1.0
2024-03-30,0.442170361481437,1.0,0.5,0.0,0.09615384615384616,0.0,0.0,0.0,0.0,0.0,0.0,0.0,1.0,0.0,1.0,0.0,0.0,0.0,0.0,0.0
2024-03-31,0.7755238700769802,1.0,0.5,0.0,0.3076923076923077,0.8566346820627895,0.0,1.0,0.5,1.0,0.0,0.0,0.0,1.0,0.0,0.0,0.0,1.0,0.0,0.0
2024-04-01,0.812711509291959,0.5,0.5,1.0,0.6923076923076923,0.8566346820627895,0.0,1.0,0.5,1.0,0.0,0.0,1.0,0.0,0.0,0.0,0.0,0.0,0.0,1.0
2024-04-04,0.32341042505550693,0.5,0.5,0.0,0.11538461538461539,0.6274735630753033,1.0,0.0,0.5,1.0,0.0,0.0,1.0,0.0,0.0,0.0,1.0,0.0,0.0,0.0
2024-04-05,0.0,0.0,0.0,0.0,0.0,0.8566346820627895,0.0,1.0,0.5,1.0,1.0,0.0,0.0,0.0,0.0,0.0,0.0,0.0,0.0,1.0
2024-04-06,0.489301084236452,0.5,0.5,0.0,0.23076923076923078,0.42831734103139474,1.0,0.0,0.5,1.0,0.0,0.0,1.0,0.0,0.0,0.0,1.0,0.0,0.0,0.0
2024-04-07,0.0,0.0,0.0,0.0,0.0,0.6274735630753033,1.0,0.0,0.5,1.0,1.0,0.0,0.0,0.0,0.0,0.0,1.0,0.0,0.0,0.0
2024-04-09,1.0,1.0,0.5,0.75,0.6153846153846154,0.0,0.0,0.0,0.0,0.0,0.0,0.0,1.0,0.0,1.0,0.0,0.0,0.0,0.0,0.0
2024-04-11,0.0,0.0,0.0,0.0,0.0,0.5404763088546395,1.0,1.0,1.0,1.0,1.0,0.0,0.0,0.0,0.0,1.0,0.0,0.0,0.0,0.0
2024-04-12,0.0,0.0,0.0,0.0,0.0,0.42831734103139474,1.0,0.0,0.5,1.0,1.0,0.0,0.0,0.0,0.0,1.0,0.0,0.0,0.0,0.0
2024-04-13,0.6017012788023209,0.5,0.5,0.0,0.34615384615384615,0.0,0.0,0.0,0.0,0.0,0.0,0.0,1.0,0.0,1.0,0.0,0.0,0.0,0.0,0.0
2024-04-14,0.6324124771567161,0.5,0.5,0.0,0.38461538461538464,0.8566346820627895,0.0,1.0,0.5,1.0,0.0,1.0,0.0,0.0,0.0,0.0,1.0,0.0,0.0,0.0
2024-04-15,0.0,0.0,0.0,0.0,0.0,0.42831734103139474,1.0,0.0,0.5,1.0,1.0,0.0,0.0,0.0,0.0,0.0,0.0,0.0,0.0,1.0
2024-04-16,0.9053145831190337,1.0,1.0,0.5833333333333334,0.46153846153846156,0.0,0.0,0.0,0.0,0.0,0.0,0.0,1.0,0.0,1.0,0.0,0.0,0.0,0.0,0.0
2024-04-17,0.14311139292026404,1.0,0.5,0.0,0.019230769230769232,0.42831734103139474,1.0,0.0,0.5,1.0,0.0,1.0,0.0,0.0,0.0,0.0,1.0,0.0,0.0,0.0
2024-04-18,0.5308733279587541,1.0,1.0,0.0,0.1346153846153846,0.0,0.0,0.0,0.0,0.0,0.0,0.0,1.0,0.0,1.0,0.0,0.0,0.0,0.0,0.0
2024-04-19,0.32341042505550693,0.5,0.5,0.0,0.11538461538461539,0.0,0.0,0.0,0.0,0.0,0.0,0.0,1.0,0.0,1.0,0.0,0.0,0.0,0.0,0.0
2024-04-20,0.0,0.0,0.0,0.0,0.0,0.42831734103139474,0.0,1.0,0.5,1.0,1.0,0.0,0.0,0.0,0.0,0.0,0.0,0.0,0.0,1.0
2024-04-21,0.3877619350384901,1.0,1.0,0.0,0.07692307692307693,0.8566346820627895,0.0,1.0,0.5,1.0,0.0,1.0,0.0,0.0,0.0,0.0,1.0,0.0,0.0,0.0
2024-04-22,0.3877619350384901,0.5,0.5,0.0,0.15384615384615385,0.5404763088546395,1.0,1.0,1.0,1.0,0.0,0.0,1.0,0.0,0.0,0.0,1.0,0.0,0.0,0.0
2024-04-25,0.7755238700769802,1.0,0.5,0.0,0.3076923076923077,0.8566346820627895,1.0,0.0,0.5,1.0,0.0,0.0,1.0,0.0,0.0,0.0,1.0,0.0,0.0,0.0
2024-04-26,0.0,0.0,0.0,0.0,0.0,0.8566346820627895,0.0,1.0,1.0,1.0,1.0,0.0,0.0,0.0,0.0,0.0,1.0,0.0,0.0,0.0
2024-04-27,0.0,0.0,0.0,0.0,0.0,0.6274735630753033,1.0,0.0,0.5,1.0,1.0,0.0,0.0,0.0,0.0,0.0,1.0,0.0,0.0,0.0
2024-04-29,0.0,0.0,0.0,0.0,0.0,0.8566346820627895,1.0,0.0,0.5,1.0,1.0,0.0,0.0,0.0,0.0,0.0,0.0,0.0,1.0,0.0
2024-04-30,0.0,0.0,0.0,0.0,0.0,0.27023815442731974,1.0,0.0,0.5,1.0,1.0,0.0,0.0,0.0,0.0,1.0,0.0,0.0,0.0,0.0
2024-05-01,0.0,0.0,0.0,0.0,0.0,0.6274735630753033,0.0,1.0,0.5,1.0,1.0,0.0,0.0,0.0,0.0,0.0,1.0,0.0,0.0,0.0
2024-05-02,0.0,0.0,0.0,0.0,0.0,0.27023815442731974,1.0,0.0,0.5,1.0,1.0,0.0,0.0,0.0,0.0,1.0,0.0,0.0,0.0,0.0
2024-05-07,0.6017012788023209,1.0,0.5,0.0,0.17307692307692307,0.0,0.0,0.0,0.0,0.0,0.0,0.0,1.0,0.0,1.0,0.0,0.0,0.0,0.0,0.0
2024-05-08,0.6606640410008077,1.0,0.5,0.0,0.21153846153846154,0.0,0.0,0.0,0.0,0.0,0.0,0.0,1.0,0.0,1.0,0.0,0.0,0.0,0.0,0.0
2024-05-09,0.6017012788023209,0.5,0.5,0.0,0.34615384615384615,0.6274735630753033,0.0,1.0,0.5,1.0,0.0,0.0,1.0,0.0,0.0,0.0,0.0,0.0,0.0,1.0
2024-05-11,0.812711509291959,0.5,0.5,1.0,0.6923076923076923,0.0,0.0,0.0,0.0,0.0,0.0,0.0,1.0,0.0,1.0,0.0,0.0,0.0,0.0,0.0
2024-05-13,0.862041342736505,1.0,1.0,0.9523809523809523,0.40384615384615385,0.42831734103139474,1.0,0.0,0.5,1.0,0.0,0.0,1.0,0.0,0.0,1.0,0.0,0.0,0.0,0.0
2024-05-15,0.0,0.0,0.0,0.0,0.0,0.42831734103139474,1.0,0.0,0.5,1.0,1.0,0.0,0.0,0.0,0.0,1.0,0.0,0.0,0.0,0.0
2024-05-16,0.0,0.0,0.0,0.0,0.0,0.6274735630753033,0.0,1.0,0.5,1.0,1.0,0.0,0.0,0.0,0.0,1.0,0.0,0.0,0.0,0.0
2024-05-17,0.0,0.0,0.0,0.0,0.0,0.42831734103139474,1.0,0.0,0.5,1.0,1.0,0.0,0.0,0.0,0.0,1.0,0.0,0.0,0.0,0.0
2024-05-18,0.0,0.0,0.0,0.0,0.0,0.6274735630753033,1.0,0.0,0.5,1.0,1.0,0.0,0.0,0.0,0.0,0.0,0.0,0.0,0.0,1.0
2024-05-20,0.489301084236452,0.5,0.5,0.0,0.23076923076923078,0.0,0.0,0.0,0.0,0.0,0.0,1.0,0.0,0.0,1.0,0.0,0.0,0.0,0.0,0.0
2024-05-21,0.489301084236452,1.0,0.5,0.0,0.11538461538461539,0.0,0.0,0.0,0.0,0.0,0.0,1.0,0.0,0.0,1.0,0.0,0.0,0.0,0.0,0.0
2024-05-23,0.846351820920547,0.5,0.5,1.0,0.7692307692307693,0.0,0.0,0.0,0.0,0.0,0.0,0.0,1.0,0.0,1.0,0.0,0.0,0.0,0.0,0.0
2024-05-24,0.5680609671737329,1.0,0.5,0.0,0.15384615384615385,0.8566346820627895,0.0,1.0,0.5,1.0,0.0,0.0,0.0,1.0,0.0,0.0,1.0,0.0,0.0,0.0
2024-05-25,0.32341042505550693,1.0,0.5,0.0,0.057692307692307696,0.8566346820627895,0.0,1.0,0.5,1.0,0.0,1.0,0.0,0.0,0.0,0.0,1.0,0.0,0.0,0.0
2024-05-27,0.686820903599663,0.5,0.5,0.0,0.46153846153846156,0.8566346820627895,0.0,1.0,0.5,1.0,0.0,0.0,0.0,1.0,0.0,0.0,1.0,0.0,0.0,0.0
2024-05-28,0.0,0.0,0.0,0.0,0.0,0.8566346820627895,0.0,1.0,0.5,0.0,1.0,0.0,0.0,0.0,0.0,0.0,1.0,0.0,0.0,0.0
2024-05-29,0.0,0.0,0.0,0.0,0.0,0.8566346820627895,0.0,1.0,0.5,0.0,1.0,0.0,0.0,0.0,0.0,0.0,1.0,0.0,0.0,0.0
2024-05-30,0.0,0.0,0.0,0.0,0.0,0.8566346820627895,0.0,1.0,0.5,0.0,1.0,0.0,0.0,0.0,0.0,0.0,1.0,0.0,0.0,0.0
2024-05-31,0.0,0.0,0.0,0.0,0.0,0.8566346820627895,0.0,1.0,0.5,0.0,1.0,0.0,0.0,0.0,0.0,0.0,1.0,0.0,0.0,0.0
2024-06-01,0.0,0.0,0.0,0.0,0.0,0.8566346820627895,0.0,1.0,0.5,0.0,1.0,0.0,0.0,0.0,0.0,0.0,1.0,0.0,0.0,0.0
2024-06-02,0.0,0.0,0.0,0.0,0.0,0.8566346820627895,0.0,1.0,0.5,0.0,1.0,0.0,0.0,0.0,0.0,0.0,1.0,0.0,0.0,0.0
2024-06-03,0.686820903599663,0.5,0.5,0.0,0.46153846153846156,0.8566346820627895,0.0,1.0,0.5,0.0,0.0,0.0,0.0,1.0,0.0,0.0,1.0,0.0,0.0,0.0
2024-06-04,0.7755238700769802,0.5,0.5,1.0,0.6153846153846154,0.0,0.0,0.0,0.0,0.0,0.0,0.0,1.0,0.0,1.0,0.0,0.0,0.0,0.0,0.0
2024-06-10,0.6324124771567161,0.5,0.5,0.0,0.38461538461538464,0.6274735630753033,0.0,1.0,0.5,1.0,0.0,0.0,1.0,0.0,0.0,0.0,1.0,0.0,0.0,0.0
2024-06-11,0.3877619350384901,0.5,0.5,0.0,0.15384615384615385,0.0,0.0,0.0,0.0,0.0,0.0,0.0,1.0,0.0,1.0,0.0,0.0,0.0,0.0,0.0
2024-06-12,0.931471445717889,0.5,0.5,0.0,1.0,0.5404763088546395,1.0,1.0,1.0,1.0,0.0,0.0,1.0,0.0,0.0,0.0,0.0,0.0,0.0,1.0
2024-06-15,0.846351820920547,1.0,0.5,0.0,0.38461538461538464,0.8566346820627895,1.0,0.0,0.5,1.0,0.0,0.0,1.0,0.0,0.0,0.0,1.0,0.0,0.0,0.0
2024-06-17,0.442170361481437,0.5,0.5,0.0,0.19230769230769232,0.8566346820627895,1.0,0.0,0.5,1.0,0.0,1.0,0.0,0.0,0.0,0.0,1.0,0.0,0.0,0.0
2024-06-18,0.0,0.0,0.0,0.0,0.0,0.8566346820627895,1.0,0.0,0.5,0.0,1.0,0.0,0.0,0.0,0.0,0.0,1.0,0.0,0.0,0.0
2024-06-19,0.0,0.0,0.0,0.0,0.0,0.8566346820627895,1.0,0.0,0.5,0.0,1.0,0.0,0.0,0.0,0.0,0.0,1.0,0.0,0.0,0.0
2024-06-20,0.0,0.0,0.0,0.0,0.0,0.8566346820627895,1.0,0.0,0.5,0.0,1.0,0.0,0.0,0.0,0.0,0.0,1.0,0.0,0.0,0.0
2024-06-21,0.733951626354678,0.5,0.5,0.0,0.5384615384615384,0.8566346820627895,1.0,0.0,0.5,1.0,0.0,1.0,0.0,0.0,0.0,0.0,1.0,0.0,0.0,0.0
2024-06-23,0.755349457881774,1.0,0.5,0.0,0.28846153846153844,1.0,1.0,1.0,1.0,1.0,0.0,0.0,0.0,1.0,0.0,0.0,1.0,0.0,0.0,0.0
2024-06-25,0.846351820920547,0.5,0.5,1.0,0.7692307692307693,0.0,0.0,0.0,0.0,0.0,0.0,0.0,1.0,0.0,1.0,0.0,0.0,0.0,0.0,0.0
2024-06-26,0.0,0.0,0.0,0.0,0.0,0.42831734103139474,0.0,1.0,0.5,1.0,1.0,0.0,0.0,0.0,0.0,0.0,0.0,0.0,0.0,1.0
2024-06-28,0.686820903599663,0.5,0.5,0.0,0.46153846153846156,0.8566346820627895,1.0,0.0,0.5,1.0,0.0,0.0,1.0,0.0,0.0,0.0,1.0,0.0,0.0,0.0
2024-06-29,0.0,0.0,0.0,0.0,0.0,0.8566346820627895,1.0,0.0,0.5,0.0,1.0,0.0,0.0,0.0,0.0,0.0,1.0,0.0,0.0,0.0
2024-06-30,0.686820903599663,0.5,0.5,0.0,0.46153846153846156,0.8566346820627895,1.0,0.0,0.5,0.0,0.0,0.0,1.0,0.0,0.0,0.0,1.0,0.0,0.0,0.0
