date,transactions_per_day,budget_utilization,category_count,baseline_cost,material_purchases,experience_ratio,prob_camping,prob_dorm,prob_suite,prob_unpaid,total_num_transports,primary_transport,night_travel_ratio,hours_per_transit,activity_time,is_activity,is_tour,novelty_flag,activity_type
2024-07-01,4.0,0.7783333333333334,3.0,32.33,0.0,0.0,0.03592414295197819,0.9077218502738843,0.05635400677413756,0.0,1.0,3.0,0.0,6.0,0.0,0.0,0.0,0.0,0.0
2024-07-02,4.0,1.024,4.0,23.35,0.0,0.5263671875,0.009769166718893977,0.9762667005597788,0.01396413272132734,0.0,2.0,2.0,0.0,2.0,4.0,0.0,1.0,1.0,2.0
2024-07-03,6.0,0.5425,4.0,21.7,0.0,0.15145929339477726,0.02399425480657618,0.9353135303230649,0.04069221487035898,0.0,1.0,4.0,0.0,4.0,0.0,0.0,0.0,0.0,0.0
2024-07-04,4.0,0.46016666666666667,2.0,27.61,0.0,0.0,0.02399425480657618,0.9353135303230649,0.04069221487035898,0.0,0.0,0.0,0.0,0.0,0.0,0.0,0.0,0.0,0.0
2024-07-05,4.0,0.40116666666666667,2.0,24.07,0.0,0.0,0.02399425480657618,0.9353135303230649,0.04069221487035898,0.0,0.0,0.0,0.0,0.0,0.0,0.0,0.0,0.0,0.0
2024-07-06,7.0,0.8055,3.0,34.519999999999996,0.0,0.0,0.01732093175567382,0.9558679504973646,0.026811117746961335,0.0,2.0,3.0,0.0,3.25,2.0,0.0,1.0,1.0,5.0
2024-07-07,7.0,0.7561666666666668,5.0,26.630000000000003,1.0,0.21732422305488205,0.03398188617716743,0.93349914228885,0.032518971533982574,0.0,0.0,0.0,0.0,0.0,0.0,0.0,0.0,0.0,0.0
2024-07-08,5.0,1.7326666666666666,4.0,16.77,0.0,0.8158907272027702,0.03398188617716743,0.93349914228885,0.032518971533982574,0.0,2.0,4.0,0.0,1.5,8.0,0.0,1.0,1.0,2.0
2024-07-09,11.0,0.7266666666666667,6.0,30.68,3.0,0.0,0.03398188617716743,0.93349914228885,0.032518971533982574,0.0,0.0,0.0,0.0,0.0,0.0,0.0,0.0,0.0,0.0
2024-07-10,7.0,0.8893333333333333,4.0,12.92,0.0,0.09239130434782608,0.0,0.0,0.0,1.0,1.0,3.0,1.0,13.0,4.0,0.0,1.0,1.0,5.0
2024-07-11,6.0,0.7628333333333334,4.0,34.53,0.0,0.0,0.009769166718893977,0.9762667005597788,0.01396413272132734,0.0,0.0,0.0,0.0,0.0,0.0,0.0,0.0,0.0,0.0
2024-07-12,2.0,1.0356666666666667,2.0,2.96,0.0,0.9523656260057933,0.0,0.0,0.0,1.0,1.0,3.0,0.0,3.0,8.0,0.0,1.0,1.0,3.0
2024-07-13,2.0,1.0356666666666667,2.0,0.0,0.0,0.9523656260057933,0.0,0.0,0.0,1.0,0.0,0.0,0.0,0.0,8.0,0.0,1.0,0.0,3.0
2024-07-14,3.0,1.1506666666666665,2.0,9.86,0.0,0.8571842410196988,0.0,0.0,0.0,1.0,1.0,3.0,0.0,2.0,8.0,0.0,1.0,0.0,3.0
2024-07-15,1.0,0.9863333333333333,1.0,0.0,0.0,1.0,0.0,0.0,0.0,1.0,0.0,0.0,0.0,0.0,8.0,0.0,1.0,1.0,3.0
2024-07-16,1.0,0.9863333333333333,1.0,0.0,0.0,1.0,0.0,0.0,0.0,1.0,0.0,0.0,0.0,0.0,8.0,0.0,1.0,0.0,3.0
2024-07-17,1.0,0.9863333333333333,1.0,0.0,0.0,1.0,0.0,0.0,0.0,1.0,0.0,0.0,0.0,0.0,8.0,0.0,1.0,0.0,3.0
2024-07-18,1.0,0.9863333333333333,1.0,0.0,0.0,1.0,0.0,0.0,0.0,1.0,0.0,0.0,0.0,0.0,8.0,0.0,1.0,0.0,3.0
2024-07-19,3.0,1.4925,3.0,6.7,0.0,0.6608598548297041,0.0,0.0,0.0,1.0,1.0,3.0,1.0,11.0,8.0,0.0,1.0,0.0,3.0
2024-07-20,6.0,0.9205000000000001,4.0,34.519999999999996,1.0,0.0,0.03398188617716743,0.93349914228885,0.032518971533982574,0.0,0.0,0.0,0.0,0.0,0.0,0.0,0.0,0.0,0.0
2024-07-21,4.0,0.5820000000000001,3.0,12.43,0.0,0.0,0.03398188617716743,0.93349914228885,0.032518971533982574,0.0,0.0,0.0,0.0,0.0,0.0,0.0,0.0,0.0,0.0
2024-07-22,6.0,1.3285000000000002,4.0,30.39,1.0,0.0,0.03398188617716743,0.93349914228885,0.032518971533982574,0.0,0.0,0.0,0.0,0.0,0.0,0.0,0.0,0.0,0.0
2024-07-23,4.0,1.302,2.0,5.72,0.0,0.9267793138760881,0.0,0.0,0.0,1.0,1.0,3.0,0.0,1.0,8.0,0.0,1.0,1.0,2.0
2024-07-24,1.0,1.0423333333333333,1.0,0.0,0.0,1.0,0.0,0.0,0.0,1.0,0.0,0.0,0.0,0.0,8.0,0.0,1.0,0.0,2.0
2024-07-25,6.0,2.1471666666666667,4.0,41.43,0.0,0.6692540557323604,0.03398188617716743,0.93349914228885,0.032518971533982574,0.0,1.0,3.0,0.0,1.0,8.0,0.0,1.0,0.0,2.0
2024-07-26,6.0,0.7791666666666667,5.0,25.25,0.0,0.32491978609625666,0.03398188617716743,0.93349914228885,0.032518971533982574,0.0,0.0,0.0,0.0,0.0,0.0,0.0,0.0,0.0,0.0
2024-07-27,5.0,0.9913333333333333,2.0,27.419999999999998,0.0,0.0,0.0,0.0,0.0,1.0,1.0,3.0,1.0,8.0,0.0,0.0,0.0,0.0,0.0
2024-07-28,8.0,0.8203333333333334,4.0,44.879999999999995,0.0,0.060138155221454694,0.027531411597319137,0.9428819677794696,0.02958662062321137,0.0,0.0,0.0,0.0,0.0,0.0,0.0,0.0,0.0,0.0
2024-07-29,5.0,0.5128333333333334,3.0,22.29,0.0,0.0,0.0242115048960744,0.952607644870402,0.023180850233523786,0.0,1.0,2.0,0.0,4.0,8.0,0.0,1.0,1.0,2.0
2024-07-30,7.0,1.1280000000000001,4.0,19.34,0.0,0.7142434988179669,0.0242115048960744,0.952607644870402,0.023180850233523786,0.0,0.0,0.0,0.0,0.0,0.0,0.0,0.0,0.0,0.0
2024-07-31,6.0,1.0979999999999999,4.0,21.5,0.0,0.5390103217972071,0.027531411597319137,0.9428819677794696,0.02958662062321137,0.0,0.0,0.0,0.0,0.0,8.0,0.0,1.0,1.0,2.0
2024-08-01,4.0,1.8051666666666668,4.0,22.689999999999998,0.0,0.0,0.027531411597319137,0.9428819677794696,0.02958662062321137,0.0,1.0,2.0,0.0,4.0,0.0,0.0,0.0,0.0,0.0
2024-08-02,8.0,0.8613333333333333,5.0,29.98,0.0,0.38177244582043346,0.02578312611447816,0.8963987417371423,0.07781813214837956,0.0,2.0,4.0,0.0,0.75,4.0,1.0,1.0,1.0,5.0
2024-08-03,8.0,1.062,6.0,40.64,1.0,0.030916509730069052,0.02578312611447816,0.8963987417371423,0.07781813214837956,0.0,0.0,0.0,0.0,0.0,0.0,0.0,0.0,0.0,0.0
2024-08-04,8.0,0.8286666666666667,3.0,14.6,0.0,0.0,0.0,0.0,0.0,1.0,1.0,3.0,1.0,8.0,0.0,0.0,0.0,0.0,0.0
2024-08-05,4.0,1.4243333333333332,2.0,13.120000000000001,0.0,0.8464778843903582,0.0,0.0,0.0,1.0,0.0,0.0,0.0,0.0,8.0,0.0,1.0,1.0,3.0
2024-08-06,2.0,1.2056666666666667,1.0,0.0,0.0,1.0,0.0,0.0,0.0,1.0,0.0,0.0,0.0,0.0,8.0,0.0,1.0,0.0,3.0
2024-08-07,5.0,1.8401666666666665,4.0,30.18,0.0,0.6551942758808079,0.03476125375633569,0.9257705681041318,0.03946817813953235,0.0,1.0,3.0,0.0,4.0,8.0,0.0,1.0,0.0,3.0
2024-08-08,7.0,1.2085000000000001,3.0,13.32,0.0,0.489863467107985,0.0,0.0,0.0,1.0,1.0,3.0,1.0,8.0,8.0,0.0,1.0,1.0,5.0
2024-08-09,3.0,0.35833333333333334,2.0,21.5,0.0,0.0,0.02594812503271058,0.9240036229828009,0.05004825198448841,0.0,0.0,0.0,0.0,0.0,0.0,0.0,0.0,0.0,0.0
2024-08-10,6.0,1.1046666666666667,4.0,25.45,0.0,0.5654797827398913,0.02594812503271058,0.9240036229828009,0.05004825198448841,0.0,0.0,0.0,0.0,0.0,8.0,1.0,0.0,1.0,2.0
2024-08-11,10.0,0.9570000000000001,5.0,37.79,0.0,0.0,0.023711359342329118,0.9323286666895044,0.04395997396816653,0.0,1.0,3.0,0.0,3.0,0.0,0.0,0.0,0.0,0.0
2024-08-12,3.0,0.6641666666666667,3.0,22.1,0.0,0.0,0.023711359342329118,0.9323286666895044,0.04395997396816653,0.0,0.0,0.0,0.0,0.0,0.0,0.0,0.0,0.0,0.0
2024-08-13,5.0,0.7233333333333333,3.0,7.1,1.0,0.0,0.0,0.0,0.0,1.0,1.0,3.0,1.0,10.0,0.0,0.0,0.0,0.0,0.0
2024-08-14,7.0,0.613125,5.0,31.07,0.0,0.08053007135575943,0.042586168330346,0.917190844813317,0.040222986856336795,0.0,0.0,0.0,0.0,0.0,0.0,0.0,0.0,0.0,0.0
2024-08-15,2.0,0.6575,2.0,14.44,0.0,0.0,0.020032304762334162,0.9116440918430299,0.06832360339463604,0.0,1.0,3.0,0.0,6.0,0.0,0.0,0.0,0.0,0.0
2024-08-16,5.0,1.7592500000000002,4.0,25.24,0.0,0.6422481170953531,0.020032304762334162,0.9116440918430299,0.06832360339463604,0.0,0.0,0.0,0.0,0.0,8.0,0.0,1.0,1.0,3.0
2024-08-17,5.0,0.9401249999999999,4.0,26.25,0.0,0.3672383991490494,0.020032304762334162,0.9116440918430299,0.06832360339463604,0.0,0.0,0.0,0.0,0.0,8.0,0.0,1.0,1.0,3.0
2024-08-18,6.0,1.22875,4.0,26.75,0.0,0.6002034587995931,0.020032304762334162,0.9116440918430299,0.06832360339463604,0.0,0.0,0.0,0.0,0.0,0.0,0.0,0.0,0.0,0.0
2024-08-19,4.0,0.5845,2.0,46.76,0.0,0.0,0.020032304762334162,0.9116440918430299,0.06832360339463604,0.0,0.0,0.0,0.0,0.0,0.0,0.0,0.0,0.0,0.0
2024-08-20,5.0,0.635,3.0,22.05,0.0,0.0,0.0835127112080361,0.8804168536039735,0.036070435187990364,0.0,1.0,3.0,0.0,4.0,0.0,0.0,0.0,0.0,0.0
2024-08-21,3.0,1.465875,2.0,15.06,0.0,0.0,0.0,0.0,0.0,1.0,1.0,3.0,1.0,22.0,2.0,1.0,0.0,1.0,3.0
2024-08-22,4.0,0.511625,4.0,29.13,0.0,0.0,0.03922475781689747,0.8820233481944487,0.07875189398865362,0.0,0.0,0.0,0.0,0.0,0.0,0.0,0.0,0.0,0.0
2024-08-23,6.0,0.564875,3.0,38.92,0.0,0.0,0.0387085277490748,0.9069125723471947,0.0543788999037305,0.0,0.0,0.0,0.0,0.0,4.0,1.0,0.0,1.0,5.0
2024-08-24,9.0,1.0887499999999999,5.0,43.18,0.0,0.03455797933409874,0.025530113274640137,0.95240108830962,0.022068798415739856,0.0,1.0,5.0,0.0,4.0,0.0,0.0,0.0,0.0,0.0
2024-08-25,6.0,0.586875,3.0,36.91,0.0,0.2138445154419595,0.8498839748470328,0.08093084703597928,0.06918517811698795,0.0,0.0,0.0,0.0,0.0,0.0,0.0,0.0,0.0,0.0
2024-08-26,5.0,0.5085,3.0,29.38,0.0,0.2777777777777778,0.011391981605107236,0.9632405067691074,0.02536751162578553,0.0,0.0,0.0,0.0,0.0,0.0,0.0,0.0,0.0,0.0
2024-08-27,5.0,0.63075,3.0,35.9,0.0,0.0,0.05319084427429766,0.1750673310112503,0.7717418247144521,0.0,0.0,0.0,0.0,0.0,0.0,0.0,0.0,0.0,0.0
2024-08-28,6.0,0.6074999999999999,3.0,41.07,0.0,0.0,0.018413581698690597,0.9544042823872755,0.027182135914033973,0.0,1.0,5.0,0.0,4.0,0.0,0.0,0.0,0.0,0.0
2024-08-29,6.0,3.8572499999999996,3.0,15.319999999999999,0.0,0.0,0.0,0.0,0.0,1.0,0.0,0.0,0.0,0.0,0.0,0.0,0.0,0.0,0.0
2024-08-30,5.0,0.649625,3.0,42.56,0.0,0.0,0.010292451980536499,0.9486423704913227,0.041065177528140845,0.0,1.0,4.0,1.0,2.5,4.0,1.0,0.0,1.0,3.0
2024-08-31,12.0,0.7925,4.0,49.21,0.0,0.05946372239747633,0.010292451980536499,0.9486423704913227,0.041065177528140845,0.0,0.0,0.0,0.0,0.0,0.0,0.0,0.0,0.0,0.0
2024-09-01,6.0,0.715625,4.0,48.46,0.0,0.0,0.010292451980536499,0.9486423704913227,0.041065177528140845,0.0,0.0,0.0,0.0,0.0,4.0,1.0,0.0,1.0,4.0
2024-09-02,3.0,0.491375,2.0,39.31,0.0,0.0,0.010292451980536499,0.9486423704913227,0.041065177528140845,0.0,0.0,0.0,0.0,0.0,0.0,0.0,0.0,0.0,0.0
2024-09-03,5.0,1.216125,3.0,18.08,0.0,0.0,0.0,0.0,0.0,1.0,1.0,3.0,1.0,16.0,0.0,0.0,0.0,0.0,0.0
2024-09-04,5.0,0.612,4.0,25.110000000000003,0.0,0.0,0.020848665521566185,0.9453567083909321,0.03379462608750155,0.0,1.0,3.0,0.0,5.0,2.0,1.0,0.0,1.0,2.0
2024-09-05,7.0,0.9186249999999999,4.0,51.65,2.0,0.0,0.020848665521566185,0.9453567083909321,0.03379462608750155,0.0,0.0,0.0,0.0,0.0,0.0,0.0,0.0,0.0,0.0
2024-09-06,7.0,2.073875,2.0,27.830000000000002,0.0,0.8322584533783376,0.0,0.0,0.0,1.0,0.0,0.0,0.0,0.0,10.0,0.0,1.0,1.0,3.0
2024-09-07,4.0,1.0073750000000001,3.0,34.14,0.0,0.5763742399801465,0.03908032335840267,0.9157925143086966,0.0451271623329009,0.0,0.0,0.0,0.0,0.0,8.0,0.0,1.0,1.0,3.0
2024-09-08,5.0,0.484875,3.0,36.28,0.0,0.0,0.03782520738363835,0.9306712706628664,0.03150352195349519,0.0,0.0,0.0,0.0,0.0,0.0,0.0,0.0,0.0,0.0
2024-09-09,7.0,1.151625,4.0,26.86,0.0,0.0,0.026259473182461527,0.9355308856767922,0.038209641140746355,0.0,2.0,3.0,0.0,2.0,0.0,0.0,0.0,0.0,0.0
2024-09-10,9.0,0.98575,5.0,37.31,0.0,0.13213289373573422,0.06044664461184275,0.9090480361994442,0.030505319188713034,0.0,3.0,3.0,0.0,1.3333333333333333,0.0,0.0,0.0,0.0,0.0
2024-09-11,3.0,0.34924999999999995,2.0,27.939999999999998,0.0,0.0,0.06044664461184275,0.9090480361994442,0.030505319188713034,0.0,0.0,0.0,0.0,0.0,4.0,1.0,0.0,1.0,2.0
2024-09-12,8.0,0.877125,5.0,28.75,0.0,0.08949693601254097,0.06044664461184275,0.9090480361994442,0.030505319188713034,0.0,0.0,0.0,0.0,0.0,6.0,1.0,0.0,1.0,4.0
2024-09-13,5.0,0.64325,3.0,15.81,0.0,0.0,0.050178011144984706,0.9131946851591206,0.03662730369589469,0.0,2.0,3.0,0.0,4.5,2.0,1.0,0.0,1.0,4.0
2024-09-14,10.0,0.7457499999999999,5.0,37.79,0.0,0.294669795507878,0.050178011144984706,0.9131946851591206,0.03662730369589469,0.0,3.0,5.0,0.0,2.6666666666666665,0.0,0.0,0.0,0.0,0.0
2024-09-15,7.0,0.687875,3.0,45.54,0.0,0.0,0.10899389594955987,0.35427797677560463,0.5367281272748354,0.0,0.0,0.0,0.0,0.0,4.0,1.0,0.0,1.0,2.0
2024-09-16,7.0,0.6559999999999999,3.0,14.559999999999999,0.0,0.0,0.029170473108522183,0.9460690259868612,0.024760500904616775,0.0,0.0,0.0,0.0,0.0,0.0,0.0,0.0,0.0,0.0
2024-09-17,4.0,0.751625,3.0,15.69,0.0,0.7390653583901546,0.029170473108522183,0.9460690259868612,0.024760500904616775,0.0,0.0,0.0,0.0,0.0,8.0,0.0,1.0,1.0,2.0
2024-09-18,7.0,0.532125,4.0,20.74,2.0,0.0,0.029170473108522183,0.9460690259868612,0.024760500904616775,0.0,0.0,0.0,0.0,0.0,0.0,0.0,0.0,0.0,0.0
2024-09-19,6.0,0.89075,5.0,22.32,2.0,0.0,0.06006783158523328,0.8783144960522152,0.061617672362551466,0.0,1.0,5.0,0.0,1.5,0.0,0.0,0.0,0.0,0.0
2024-09-20,5.0,1.3901249999999998,3.0,31.86,0.0,0.713514971675209,0.06006783158523328,0.8783144960522152,0.061617672362551466,0.0,0.0,0.0,0.0,0.0,8.0,0.0,1.0,1.0,1.0
2024-09-21,11.0,0.864875,6.0,39.68,0.0,0.12545165486341958,0.06006783158523328,0.8783144960522152,0.061617672362551466,0.0,0.0,0.0,0.0,0.0,4.0,1.0,0.0,1.0,1.0
2024-09-22,6.0,0.5765,4.0,33.72,0.0,0.18820468343451863,0.06006783158523328,0.8783144960522152,0.061617672362551466,0.0,0.0,0.0,0.0,0.0,4.0,1.0,0.0,1.0,1.0
2024-09-23,8.0,0.6105,4.0,19.71,0.0,0.0,0.04434688791558624,0.899301228790051,0.056351883294362685,0.0,2.0,3.0,0.0,2.5,0.0,0.0,0.0,0.0,0.0
2024-09-24,8.0,1.6471250000000002,5.0,37.489999999999995,2.0,0.0,0.01831022122258396,0.9516507538791565,0.030039024898259638,0.0,1.0,3.0,0.0,1.0,0.0,0.0,0.0,0.0,0.0
2024-09-25,7.0,0.583625,4.0,36.43,0.0,0.0,0.01831022122258396,0.9516507538791565,0.030039024898259638,0.0,0.0,0.0,0.0,0.0,0.0,0.0,0.0,0.0,0.0
2024-09-26,5.0,0.512625,3.0,37.29,0.0,0.09070958302852963,0.01831022122258396,0.9516507538791565,0.030039024898259638,0.0,0.0,0.0,0.0,0.0,0.0,0.0,0.0,0.0,0.0
2024-09-27,11.0,0.983375,6.0,37.75,1.0,0.31524087962374475,0.01831022122258396,0.9516507538791565,0.030039024898259638,0.0,0.0,0.0,0.0,0.0,8.0,0.0,1.0,1.0,2.0
2024-09-28,7.0,0.62825,3.0,37.12,0.0,0.0,0.0417375018947165,0.2085151702073142,0.7497473278979694,0.0,1.0,3.0,0.0,3.0,0.0,0.0,0.0,0.0,0.0
2024-09-29,6.0,0.587375,2.0,46.989999999999995,0.0,0.0,0.036300715751555225,0.9359041285119778,0.02779515573646703,0.0,0.0,0.0,0.0,0.0,0.0,0.0,0.0,0.0,0.0
2024-09-30,7.0,1.1096249999999999,3.0,12.65,0.0,0.2933423453869551,0.0,0.0,0.0,1.0,2.0,3.0,0.8461538461538461,6.5,8.0,0.0,1.0,1.0,3.0
2024-10-01,4.0,0.712875,3.0,54.55,0.0,0.043485884622128705,0.016706388051863107,0.9630910594118438,0.02020255253629305,0.0,0.0,0.0,0.0,0.0,0.0,0.0,0.0,0.0,0.0
2024-10-02,7.0,0.778125,4.0,34.97,0.0,0.39839357429718875,0.02647721031663949,0.9405959233446857,0.03292686633867479,0.0,0.0,0.0,0.0,0.0,0.0,0.0,0.0,0.0,0.0
2024-10-03,8.0,0.6528750000000001,4.0,34.47,3.0,0.0,0.02647721031663949,0.9405959233446857,0.03292686633867479,0.0,0.0,0.0,0.0,0.0,0.0,0.0,0.0,0.0,0.0
2024-10-04,10.0,1.246125,4.0,33.230000000000004,0.0,0.0,0.02647721031663949,0.9405959233446857,0.03292686633867479,0.0,0.0,0.0,0.0,0.0,0.0,0.0,0.0,0.0,0.0
2024-10-05,4.0,0.353375,3.0,25.79,0.0,0.0,0.10061071739935959,0.4735080174374714,0.42588126516316904,0.0,0.0,0.0,0.0,0.0,0.0,0.0,0.0,0.0,0.0
2024-10-06,8.0,1.0027500000000003,4.0,28.15,0.0,0.0,0.0772296976417176,0.9007324813774922,0.022037820980790376,0.0,1.0,3.0,0.0,6.0,0.0,0.0,0.0,0.0,0.0
2024-10-07,3.0,1.36225,2.0,9.8,0.0,0.9100752431638833,0.0,0.0,0.0,1.0,0.0,0.0,0.0,0.0,8.0,0.0,1.0,1.0,2.0
2024-10-08,2.0,1.2925,2.0,0.0,0.0,0.9591876208897485,0.0,0.0,0.0,1.0,0.0,0.0,0.0,0.0,8.0,0.0,1.0,0.0,2.0
2024-10-09,3.0,1.4195,3.0,14.379999999999999,0.0,0.873370905248327,0.0772296976417176,0.9007324813774922,0.022037820980790376,0.0,0.0,0.0,0.0,0.0,8.0,0.0,1.0,0.0,2.0
2024-10-10,5.0,0.8636250000000001,3.0,50.0,0.0,0.0,0.0772296976417176,0.9007324813774922,0.022037820980790376,0.0,0.0,0.0,0.0,0.0,4.0,1.0,0.0,1.0,2.0
2024-10-11,3.0,0.437,2.0,34.96,0.0,0.0,0.03754730157633408,0.9153981488404417,0.04705454958322415,0.0,1.0,3.0,1.0,5.0,4.0,1.0,0.0,1.0,2.0
2024-10-12,7.0,1.55275,3.0,17.6,0.0,0.5988568668491386,0.0,0.0,0.0,1.0,2.0,3.0,0.0,2.5,8.0,0.0,1.0,1.0,3.0
2024-10-13,7.0,1.012125,3.0,37.199999999999996,0.0,0.0,0.017695018633189324,0.9615314385867304,0.020773542780080312,0.0,0.0,0.0,0.0,0.0,4.0,1.0,0.0,1.0,4.0
2024-10-14,6.0,0.5455,4.0,38.43,1.0,0.0,0.017695018633189324,0.9615314385867304,0.020773542780080312,0.0,0.0,0.0,0.0,0.0,0.0,0.0,0.0,0.0,0.0
2024-10-15,7.0,1.083375,4.0,45.5,0.0,0.0,0.04532781188152981,0.2966822320989764,0.6579899560194938,0.0,2.0,3.0,0.0,2.25,0.0,0.0,0.0,0.0,0.0
2024-10-16,7.0,1.459875,5.0,46.86,0.0,0.4246082712561007,0.04532781188152981,0.2966822320989764,0.6579899560194938,0.0,0.0,0.0,0.0,0.0,0.0,0.0,0.0,0.0,0.0
2024-10-17,5.0,0.6355000000000001,2.0,50.84,0.0,0.0,0.007422698708740429,0.9760624744309332,0.01651482686032643,0.0,0.0,0.0,0.0,0.0,4.0,1.0,0.0,1.0,1.0
2024-10-18,5.0,0.50225,3.0,33.980000000000004,0.0,0.0,0.007422698708740429,0.9760624744309332,0.01651482686032643,0.0,0.0,0.0,0.0,0.0,8.0,0.0,1.0,1.0,1.0
2024-10-19,7.0,0.7100000000000001,5.0,38.44,0.0,0.2707746478873239,0.06150400935186518,0.21645055377553182,0.7220454368726029,0.0,0.0,0.0,0.0,0.0,0.0,0.0,0.0,0.0,0.0
2024-10-20,6.0,0.75175,3.0,35.34,0.0,0.4123711340206186,0.08071117374770384,0.8804181840190933,0.03887064223320297,0.0,0.0,0.0,0.0,0.0,0.0,0.0,0.0,0.0,0.0
2024-10-21,7.0,1.0725,5.0,48.849999999999994,0.0,0.08671328671328672,0.10779461678474254,0.16277422472567635,0.7294311584895811,0.0,2.0,4.0,0.0,1.25,0.0,0.0,0.0,0.0,0.0
2024-10-22,2.0,0.619875,2.0,49.589999999999996,0.0,0.0,0.10779461678474254,0.16277422472567635,0.7294311584895811,0.0,0.0,0.0,0.0,0.0,0.0,0.0,0.0,0.0,0.0
2024-10-23,3.0,0.523875,2.0,41.91,0.0,0.0,0.10779461678474254,0.16277422472567635,0.7294311584895811,0.0,0.0,0.0,0.0,0.0,0.0,0.0,0.0,0.0,0.0
2024-10-24,4.0,0.574875,3.0,43.760000000000005,0.0,0.0,0.10779461678474254,0.16277422472567635,0.7294311584895811,0.0,3.0,3.0,0.0,3.5,0.0,0.0,0.0,0.0,0.0
2024-10-25,7.0,0.967,3.0,22.810000000000002,0.0,0.0,0.030591759856604936,0.9433042928768534,0.02610394726654178,0.0,0.0,0.0,0.0,0.0,0.0,0.0,0.0,0.0,0.0
2024-10-26,8.0,0.6322500000000001,4.0,32.730000000000004,0.0,0.0,0.030591759856604936,0.9433042928768534,0.02610394726654178,0.0,0.0,0.0,0.0,0.0,4.0,1.0,0.0,1.0,5.0
2024-10-27,7.0,0.506,3.0,34.71,0.0,0.0,0.030591759856604936,0.9433042928768534,0.02610394726654178,0.0,1.0,3.0,0.0,1.5,0.0,0.0,0.0,0.0,0.0
2024-10-28,7.0,1.009,4.0,45.379999999999995,0.0,0.35641724479682857,0.10910991174211516,0.24358447189856972,0.647305616359315,0.0,0.0,0.0,0.0,0.0,0.0,0.0,0.0,0.0,0.0
2024-10-29,2.0,0.5672499999999999,2.0,45.379999999999995,0.0,0.0,0.10910991174211516,0.24358447189856972,0.647305616359315,0.0,0.0,0.0,0.0,0.0,4.0,1.0,0.0,1.0,4.0
2024-10-30,2.0,0.3875,2.0,31.0,0.0,0.0,0.10910991174211516,0.24358447189856972,0.647305616359315,0.0,0.0,0.0,0.0,0.0,1.0,1.0,0.0,1.0,1.0
2024-10-31,4.0,0.6198750000000001,3.0,43.89,0.0,0.0,0.01205153510752176,0.9549110943560039,0.033037370536474334,0.0,1.0,3.0,0.0,1.5,0.0,0.0,0.0,0.0,0.0
2024-11-01,3.0,0.362625,3.0,25.54,0.0,0.0,0.01205153510752176,0.9549110943560039,0.033037370536474334,0.0,0.0,0.0,0.0,0.0,8.0,1.0,0.0,1.0,4.0
2024-11-02,5.0,0.5765,4.0,34.71,0.0,0.0,0.01205153510752176,0.9549110943560039,0.033037370536474334,0.0,0.0,0.0,0.0,0.0,0.0,0.0,0.0,0.0,0.0
2024-11-03,5.0,0.61075,3.0,33.98,0.0,0.0,0.030591759856604936,0.9433042928768534,0.02610394726654178,0.0,1.0,3.0,0.0,3.0,0.0,0.0,0.0,0.0,0.0
2024-11-04,5.0,1.17775,3.0,10.41,0.0,0.02101464657185311,0.0,0.0,0.0,1.0,1.0,3.0,1.0,10.5,0.0,0.0,0.0,0.0,0.0
2024-11-05,3.0,0.40925,3.0,25.3,0.0,0.0,0.022815906937767673,0.9213669725272936,0.05581712053493886,0.0,0.0,0.0,0.0,0.0,0.0,0.0,0.0,0.0,0.0
2024-11-06,8.0,0.787125,4.0,53.8,0.0,0.01572177227251072,0.03344253573990322,0.8854584942031736,0.08109897005692335,0.0,0.0,0.0,0.0,0.0,0.0,0.0,0.0,0.0,0.0
2024-11-07,4.0,0.5098750000000001,2.0,14.88,0.0,0.0,0.024811585269938582,0.9179485876563341,0.05723982707372731,0.0,1.0,2.0,0.0,13.0,0.0,0.0,0.0,0.0,0.0
2024-11-08,8.0,0.67275,4.0,38.94,2.0,0.0,0.019769269305444977,0.9482667467046679,0.031963983989887125,0.0,0.0,0.0,0.0,0.0,0.0,0.0,0.0,0.0,0.0
2024-11-09,2.0,0.25725,2.0,20.58,0.0,0.0,0.019769269305444977,0.9482667467046679,0.031963983989887125,0.0,0.0,0.0,0.0,0.0,0.0,0.0,0.0,0.0,0.0
2024-11-10,9.0,1.00125,6.0,36.7,1.0,0.1083645443196005,0.019769269305444977,0.9482667467046679,0.031963983989887125,0.0,0.0,0.0,0.0,0.0,1.0,1.0,0.0,1.0,1.0
2024-11-11,5.0,0.51775,3.0,37.95,0.0,0.0,0.019769269305444977,0.9482667467046679,0.031963983989887125,0.0,0.0,0.0,0.0,0.0,1.0,1.0,0.0,1.0,1.0
2024-11-12,6.0,0.568625,3.0,42.02,0.0,0.0,0.017641743719286847,0.9551355399210181,0.02722271635969505,0.0,0.0,0.0,0.0,0.0,0.0,0.0,0.0,0.0,0.0
2024-11-13,6.0,1.1188749999999998,4.0,50.339999999999996,0.0,0.10523963802927049,0.017641743719286847,0.9551355399210181,0.02722271635969505,0.0,2.0,3.0,0.0,1.5,8.0,1.0,0.0,1.0,5.0
2024-11-14,5.0,0.835625,4.0,53.71,0.0,0.14839192221391176,0.017641743719286847,0.9551355399210181,0.02722271635969505,0.0,0.0,0.0,0.0,0.0,1.0,1.0,0.0,1.0,1.0
2024-11-15,2.0,0.368875,2.0,26.53,0.0,0.10098271772280583,0.017641743719286847,0.9551355399210181,0.02722271635969505,0.0,0.0,0.0,0.0,0.0,0.0,0.0,0.0,0.0,0.0
2024-11-16,5.0,0.806,3.0,49.35,0.0,0.0,0.026390737463091143,0.9299878107706488,0.043621451766260096,0.0,1.0,3.0,0.0,1.5,0.0,0.0,0.0,0.0,0.0
2024-11-17,7.0,1.31725,3.0,42.65,0.0,0.0,0.06186900121761668,0.2438698189828169,0.6942611797995664,0.0,2.0,3.0,0.0,3.75,0.0,0.0,0.0,0.0,0.0
2024-11-18,2.0,0.434,2.0,34.72,0.0,0.0,0.06186900121761668,0.2438698189828169,0.6942611797995664,0.0,0.0,0.0,0.0,0.0,4.0,1.0,0.0,1.0,2.0
2024-11-19,3.0,0.607625,3.0,19.84,0.0,0.40814647191935816,0.0874652267000412,0.16331413593834423,0.7492206373616145,0.0,2.0,3.0,0.5714285714285714,7.0,0.0,0.0,0.0,0.0,0.0
2024-11-20,5.0,1.481625,2.0,29.26,0.0,0.0,0.0,0.0,0.0,1.0,0.0,0.0,0.0,0.0,0.0,0.0,0.0,0.0,0.0
2024-11-21,8.0,0.82775,5.0,36.199999999999996,0.0,0.11235276351555422,0.01802446397485782,0.9268959842887853,0.05507955173635686,0.0,0.0,0.0,0.0,0.0,0.0,0.0,0.0,0.0,0.0
2024-11-22,9.0,1.6055,6.0,38.19,1.0,0.34747742136406107,0.01802446397485782,0.9268959842887853,0.05507955173635686,0.0,0.0,0.0,0.0,0.0,2.0,1.0,0.0,1.0,5.0
2024-11-23,7.0,0.812125,6.0,29.01,2.0,0.0,0.01802446397485782,0.9268959842887853,0.05507955173635686,0.0,0.0,0.0,0.0,0.0,0.0,0.0,0.0,0.0,0.0
2024-11-24,6.0,0.80975,3.0,54.61,0.0,0.0,0.023078547227197238,0.9496115973393389,0.027309855433463957,0.0,0.0,0.0,0.0,0.0,0.0,0.0,0.0,0.0,0.0
2024-11-25,10.0,1.4908750000000002,6.0,44.89,1.0,0.21413599396327657,0.023078547227197238,0.9496115973393389,0.027309855433463957,0.0,0.0,0.0,0.0,0.0,6.0,1.0,0.0,1.0,5.0
2024-11-26,9.0,1.13175,4.0,48.6,0.0,0.0,0.021035394630255652,0.9248796055192008,0.05408499985054335,0.0,2.0,3.0,0.0,1.0,0.0,0.0,0.0,0.0,0.0
2024-11-27,4.0,0.529625,3.0,29.97,0.0,0.0,0.021035394630255652,0.9248796055192008,0.05408499985054335,0.0,0.0,0.0,0.0,0.0,8.0,1.0,0.0,1.0,2.0
2024-11-28,6.0,1.08175,3.0,40.67,0.0,0.530043910330483,0.021035394630255652,0.9248796055192008,0.05408499985054335,0.0,0.0,0.0,0.0,0.0,8.0,0.0,1.0,1.0,3.0
2024-11-29,6.0,0.529875,3.0,31.61,0.0,0.0,0.03371194772580377,0.9309741943936327,0.035313857880563564,0.0,2.0,3.0,0.0,1.75,0.0,0.0,0.0,0.0,0.0
2024-11-30,11.0,0.5885,5.0,36.66,1.0,0.0,0.028344614002999206,0.9406135545250535,0.031041831471947345,0.0,0.0,0.0,0.0,0.0,4.0,1.0,0.0,1.0,2.0
2024-12-01,6.0,0.843125,3.0,31.0,0.0,0.0,0.04229573153344961,0.9101438300075398,0.04756043845901045,0.0,1.0,3.0,0.0,4.5,0.0,0.0,0.0,0.0,0.0
2024-12-02,5.0,0.6074999999999999,3.0,31.240000000000002,0.0,0.357201646090535,0.04229573153344961,0.9101438300075398,0.04756043845901045,0.0,0.0,0.0,0.0,0.0,2.0,1.0,0.0,1.0,1.0
2024-12-03,4.0,0.6446250000000001,3.0,33.47,0.0,0.3509792515028117,0.04229573153344961,0.9101438300075398,0.04756043845901045,0.0,0.0,0.0,0.0,0.0,2.0,1.0,0.0,1.0,1.0
2024-12-04,4.0,0.7036250000000001,3.0,38.19,0.0,0.3215491206253331,0.04229573153344961,0.9101438300075398,0.04756043845901045,0.0,0.0,0.0,0.0,0.0,1.0,1.0,0.0,1.0,1.0
2024-12-05,6.0,1.5416250000000002,3.0,24.55,0.0,0.14676072326279088,0.0,0.0,0.0,1.0,1.0,3.0,1.0,8.0,0.0,0.0,0.0,0.0,0.0
2024-12-06,7.0,1.12975,5.0,44.39,2.0,0.0,0.020746333667086937,0.9424683702500007,0.03678529608291233,0.0,0.0,0.0,0.0,0.0,1.0,1.0,0.0,1.0,1.0
2024-12-07,3.0,2.38675,3.0,17.36,0.0,0.0,0.020746333667086937,0.9424683702500007,0.03678529608291233,0.0,0.0,0.0,0.0,0.0,0.0,0.0,0.0,0.0,0.0
2024-12-08,6.0,1.31425,4.0,39.68,0.0,0.0,0.017804789793844686,0.9465888621301729,0.03560634807598228,0.0,1.0,3.0,1.0,10.0,0.0,0.0,0.0,0.0,0.0
2024-12-09,9.0,1.1695,5.0,72.36,2.0,0.0,0.017804789793844686,0.9465888621301729,0.03560634807598228,0.0,0.0,0.0,0.0,0.0,0.0,0.0,0.0,0.0,0.0
2024-12-10,7.0,0.6199999999999999,4.0,39.18,0.0,0.0,0.017804789793844686,0.9465888621301729,0.03560634807598228,0.0,0.0,0.0,0.0,0.0,1.0,1.0,0.0,1.0,1.0
2024-12-11,5.0,1.1235,3.0,21.07,0.0,0.0,0.03051216568788497,0.9266276765944311,0.04286015771768404,0.0,2.0,3.0,0.0,5.0,0.0,0.0,0.0,0.0,0.0
2024-12-12,5.0,0.5331250000000001,3.0,27.52,2.0,0.0,0.03051216568788497,0.9266276765944311,0.04286015771768404,0.0,0.0,0.0,0.0,0.0,4.0,1.0,0.0,1.0,2.0
2024-12-13,5.0,0.42475000000000007,2.0,33.980000000000004,0.0,0.0,0.03051216568788497,0.9266276765944311,0.04286015771768404,0.0,0.0,0.0,0.0,0.0,0.0,0.0,0.0,0.0,0.0
2024-12-14,6.0,1.058625,5.0,35.21,1.0,0.0,0.029802901764799224,0.9072636450790982,0.06293345315610256,0.0,1.0,3.0,0.0,4.0,0.0,0.0,0.0,0.0,0.0
2024-12-15,10.0,1.205625,6.0,67.19,1.0,0.0,0.029802901764799224,0.9072636450790982,0.06293345315610256,0.0,0.0,0.0,0.0,0.0,1.0,1.0,0.0,1.0,1.0
2024-12-16,10.0,1.37,5.0,40.910000000000004,2.0,0.02490875912408759,0.029802901764799224,0.9072636450790982,0.06293345315610256,0.0,0.0,0.0,0.0,0.0,4.0,1.0,0.0,1.0,2.0
2024-12-17,9.0,1.035375,5.0,42.18,4.0,0.0,0.029802901764799224,0.9072636450790982,0.06293345315610256,0.0,0.0,0.0,0.0,0.0,0.0,0.0,0.0,0.0,0.0
2024-12-18,13.0,2.12175,6.0,17.48,5.0,0.0,0.0,0.0,0.0,1.0,0.0,0.0,0.0,0.0,0.0,0.0,0.0,0.0,0.0
2024-12-19,2.0,0.225,1.0,18.0,0.0,0.0,0.0,0.0,0.0,1.0,2.0,4.0,0.0,6.25,0.0,0.0,0.0,0.0,0.0
2025-01-16,0.0,0.0,0.0,0.0,0.0,0.0,0.0,0.0,0.0,0.0,1.0,4.0,1.0,6.0,0.0,0.0,0.0,0.0,0.0
2025-01-17,6.0,3.7107,5.0,24.540000000000003,0.0,0.8560379443231735,0.015257796253866562,0.9188402240817317,0.0659019796644018,0.0,3.0,4.0,0.0,1.3333333333333333,0.0,0.0,0.0,0.0,0.0
2025-01-18,4.0,2.8661000000000003,3.0,26.71,0.0,0.9068071595547956,0.015257796253866562,0.9188402240817317,0.0659019796644018,0.0,0.0,0.0,0.0,0.0,8.0,0.0,1.0,1.0,3.0
2025-01-19,9.0,1.0284,4.0,39.3,0.0,0.14041229093737845,0.03379752418109815,0.14677155384331092,0.8194309219755909,0.0,1.0,4.0,0.0,2.5,4.0,1.0,0.0,1.0,3.0
2025-01-20,2.0,0.2638,2.0,26.38,0.0,0.0,0.03379752418109815,0.14677155384331092,0.8194309219755909,0.0,0.0,0.0,0.0,0.0,4.0,1.0,0.0,1.0,3.0
2025-01-21,4.0,0.32159999999999994,2.0,32.16,0.0,0.0,0.03379752418109815,0.14677155384331092,0.8194309219755909,0.0,0.0,0.0,0.0,0.0,4.0,1.0,0.0,1.0,3.0
2025-01-22,5.0,0.32799999999999996,2.0,32.8,0.0,0.0,0.03379752418109815,0.14677155384331092,0.8194309219755909,0.0,0.0,0.0,0.0,0.0,0.0,0.0,0.0,0.0,0.0
2025-01-23,2.0,0.2559,2.0,25.59,0.0,0.0,0.03379752418109815,0.14677155384331092,0.8194309219755909,0.0,0.0,0.0,0.0,0.0,4.0,1.0,0.0,1.0,3.0
2025-01-24,4.0,0.3188,2.0,31.88,0.0,0.0,0.03379752418109815,0.14677155384331092,0.8194309219755909,0.0,0.0,0.0,0.0,0.0,2.0,1.0,0.0,1.0,3.0
2025-01-25,4.0,0.41769999999999996,3.0,35.989999999999995,0.0,0.0,0.03379752418109815,0.14677155384331092,0.8194309219755909,0.0,0.0,0.0,0.0,0.0,8.0,1.0,0.0,1.0,2.0
2025-01-26,3.0,0.2734,2.0,27.34,0.0,0.0,0.03166992490528285,0.14504580164423134,0.8232842734504858,0.0,0.0,0.0,0.0,0.0,2.0,1.0,0.0,1.0,3.0
2025-01-27,4.0,0.7787999999999999,3.0,27.34,0.0,0.6489470980996405,0.03166992490528285,0.14504580164423134,0.8232842734504858,0.0,0.0,0.0,0.0,0.0,8.0,0.0,1.0,1.0,2.0
2025-01-28,4.0,1.7808,3.0,26.47,0.0,0.851358939802336,0.03166992490528285,0.14504580164423134,0.8232842734504858,0.0,0.0,0.0,0.0,0.0,8.0,0.0,1.0,1.0,3.0
2025-01-29,4.0,0.373,2.0,37.3,0.0,0.0,0.03166992490528285,0.14504580164423134,0.8232842734504858,0.0,0.0,0.0,0.0,0.0,2.0,1.0,0.0,1.0,3.0
2025-01-30,2.0,0.2651,2.0,26.509999999999998,0.0,0.0,0.03166992490528285,0.14504580164423134,0.8232842734504858,0.0,0.0,0.0,0.0,0.0,2.0,1.0,0.0,1.0,3.0
2025-01-31,4.0,0.3048,2.0,30.48,0.0,0.0,0.03166992490528285,0.14504580164423134,0.8232842734504858,0.0,0.0,0.0,0.0,0.0,2.0,1.0,0.0,1.0,3.0
2025-02-01,4.0,0.3734,2.0,37.34,0.0,0.0,0.03166992490528285,0.14504580164423134,0.8232842734504858,0.0,0.0,0.0,0.0,0.0,0.0,0.0,0.0,0.0,0.0
2025-02-02,3.0,0.2888,2.0,14.44,0.0,0.0,0.0,0.0,0.0,1.0,0.0,0.0,0.0,0.0,2.0,1.0,0.0,1.0,3.0
2025-02-03,4.0,0.1082,1.0,10.82,0.0,0.0,0.0,0.0,0.0,1.0,0.0,0.0,0.0,0.0,1.0,1.0,0.0,1.0,3.0
2025-02-04,3.0,0.16240000000000002,1.0,16.240000000000002,0.0,0.0,0.0,0.0,0.0,1.0,0.0,0.0,0.0,0.0,0.0,0.0,0.0,0.0,0.0
2025-02-05,2.0,0.1451,1.0,14.51,0.0,0.0,0.0,0.0,0.0,1.0,0.0,0.0,0.0,0.0,1.0,1.0,0.0,1.0,3.0
2025-02-06,3.0,0.1228,1.0,12.280000000000001,0.0,0.0,0.0,0.0,0.0,1.0,0.0,0.0,0.0,0.0,2.0,1.0,0.0,1.0,3.0
2025-02-07,3.0,0.21660000000000001,1.0,21.66,0.0,0.0,0.0,0.0,0.0,1.0,0.0,0.0,0.0,0.0,3.0,1.0,0.0,1.0,5.0
2025-02-08,6.0,0.8664000000000001,4.0,76.53,1.0,0.0,0.028221129015297733,0.9397061435529783,0.03207272743172412,0.0,1.0,4.0,0.0,2.5,0.0,0.0,0.0,0.0,0.0
2025-02-09,6.0,3.5121999999999995,5.0,30.68,1.0,0.8016627754683675,0.028221129015297733,0.9397061435529783,0.03207272743172412,0.0,0.0,0.0,0.0,0.0,8.0,0.0,1.0,1.0,3.0
2025-02-10,4.0,0.7181000000000001,3.0,25.6,0.0,0.0,0.05196751837318921,0.334725445997977,0.6133070356288338,0.0,1.0,4.0,0.0,2.5,2.0,1.0,0.0,1.0,3.0
2025-02-11,4.0,0.3066,2.0,30.66,0.0,0.0,0.05196750311798867,0.334725432282267,0.6133070645997444,0.0,0.0,0.0,0.0,0.0,2.0,1.0,0.0,1.0,3.0
2025-02-12,4.0,0.2004,2.0,12.82,0.0,0.0,0.0,0.0,0.0,1.0,0.0,0.0,0.0,0.0,4.0,1.0,0.0,1.0,4.0
2025-02-13,4.0,0.4143,2.0,41.43,0.0,0.0,0.05196750311798867,0.334725432282267,0.6133070645997444,0.0,0.0,0.0,0.0,0.0,2.0,1.0,0.0,1.0,3.0
2025-02-14,4.0,3.2081999999999997,3.0,32.05,0.0,0.9000997444049622,0.05196750311798867,0.334725432282267,0.6133070645997444,0.0,0.0,0.0,0.0,0.0,8.0,0.0,1.0,1.0,3.0
2025-02-15,4.0,0.5445,3.0,29.17,0.0,0.0,0.06725503742565513,0.8517124909548607,0.08103247161948424,0.0,3.0,4.0,0.3076923076923077,2.1666666666666665,0.0,0.0,0.0,0.0,0.0
2025-02-16,6.0,1.5271666666666666,3.0,28.55,0.0,0.0,0.0,0.0,0.0,1.0,1.0,3.0,1.0,10.0,0.0,0.0,0.0,0.0,0.0
2025-02-17,5.0,0.8258333333333334,4.0,29.29,0.0,0.0,0.025144201288503792,0.9542108554820091,0.020644943229487022,0.0,0.0,0.0,0.0,0.0,0.0,0.0,0.0,0.0,0.0
2025-02-18,4.0,1.4568333333333332,3.0,25.88,0.0,0.7039240361514701,0.025144201288503792,0.9542108554820091,0.020644943229487022,0.0,2.0,4.0,0.0,1.75,8.0,0.0,1.0,1.0,5.0
2025-02-19,4.0,0.9763333333333334,3.0,21.740000000000002,0.0,0.0,0.023647364525196002,0.9463838542540659,0.029968781220737994,0.0,1.0,4.0,0.0,10.0,0.0,0.0,0.0,0.0,0.0
2025-02-20,6.0,0.7675000000000001,4.0,30.400000000000002,0.0,0.2799131378935939,0.023647364525196002,0.9463838542540659,0.029968781220737994,0.0,0.0,0.0,0.0,0.0,4.0,0.0,1.0,1.0,2.0
2025-02-21,6.0,0.6448333333333334,3.0,29.48,0.0,0.2380460067200827,0.023647364525196002,0.9463838542540659,0.029968781220737994,0.0,0.0,0.0,0.0,0.0,4.0,1.0,0.0,1.0,4.0
2025-02-22,5.0,1.2463333333333333,3.0,28.73,0.0,0.0,0.030520694461024053,0.9450932015269989,0.024386104011977,0.0,1.0,4.0,0.0,10.0,0.0,0.0,0.0,0.0,0.0
2025-02-23,9.0,1.0005,4.0,43.82,1.0,0.0,0.05069657266074267,0.8932750871117006,0.05602834022755677,0.0,3.0,2.0,0.0,1.1666666666666667,4.0,1.0,0.0,1.0,5.0
2025-02-24,6.0,1.372166666666667,4.0,40.879999999999995,0.0,0.4474675088060245,0.05069657266074267,0.8932750871117006,0.05602834022755677,0.0,2.0,4.0,0.0,0.5,4.0,0.0,1.0,1.0,5.0
2025-02-25,7.0,0.7675000000000001,5.0,31.68,1.0,0.2,0.01423011524193886,0.9416340804076412,0.04413580435042006,0.0,1.0,4.0,0.0,0.5,1.0,1.0,0.0,1.0,2.0
2025-02-26,5.0,0.7246666666666667,3.0,25.060000000000002,0.0,0.4236430542778289,0.01423011524193886,0.9416340804076412,0.04413580435042006,0.0,0.0,0.0,0.0,0.0,4.0,0.0,1.0,1.0,2.0
2025-02-27,6.0,1.0595,4.0,47.9,0.0,0.0,0.025523999629896522,0.9394889347909089,0.034987065579194426,0.0,1.0,4.0,0.0,0.5,0.0,0.0,0.0,0.0,0.0
2025-02-28,5.0,0.8258333333333334,3.0,40.71,0.0,0.0,0.13178793878272677,0.666768278921713,0.20144378229556026,0.0,2.0,2.0,0.0,2.0,2.0,1.0,0.0,1.0,1.0
2025-03-01,6.0,0.7315714285714285,4.0,36.47,1.0,0.17984768599882836,0.13178793878272677,0.666768278921713,0.20144378229556026,0.0,0.0,0.0,0.0,0.0,1.0,0.0,1.0,1.0,5.0
2025-03-02,2.0,0.9209999999999999,1.0,0.0,0.0,1.0,0.0,0.0,0.0,1.0,0.0,0.0,0.0,0.0,8.0,0.0,1.0,1.0,2.0
2025-03-03,6.0,1.3342857142857143,4.0,31.69,0.0,0.5916488222698072,0.13178793878272677,0.666768278921713,0.20144378229556026,0.0,0.0,0.0,0.0,0.0,8.0,0.0,1.0,0.0,2.0
2025-03-04,8.0,1.1382857142857143,6.0,39.89,2.0,0.09249497991967871,0.052369161833796266,0.913199584766645,0.03443125339955882,0.0,1.0,4.0,0.0,4.0,0.0,0.0,0.0,0.0,0.0
2025-03-05,7.0,0.6937142857142857,3.0,42.29,0.0,0.0,0.052369161833796266,0.913199584766645,0.03443125339955882,0.0,0.0,0.0,0.0,0.0,0.0,0.0,0.0,0.0,0.0
2025-03-06,6.0,0.4762857142857143,2.0,33.34,0.0,0.0,0.03056055013788192,0.892742374252719,0.07669707560939913,0.0,0.0,0.0,0.0,0.0,0.0,0.0,0.0,0.0,0.0
2025-03-07,2.0,0.3105714285714286,2.0,3.32,0.0,0.0,0.0,0.0,0.0,1.0,1.0,4.0,0.0,4.0,0.0,0.0,0.0,0.0,0.0
2025-03-08,8.0,2.941857142857143,4.0,35.14,0.0,0.03190404506385665,0.020459614423567543,0.9437112336833027,0.035829151893129726,0.0,2.0,4.0,0.9333333333333333,7.5,0.0,0.0,0.0,0.0,0.0
2025-03-09,5.0,0.35214285714285715,3.0,21.84,0.0,0.11399594320486817,0.020459614423567543,0.9437112336833027,0.035829151893129726,0.0,0.0,0.0,0.0,0.0,1.0,1.0,0.0,1.0,3.0
2025-03-10,6.0,2.2782857142857145,3.0,43.97,0.0,0.724291447203411,0.15666442378905437,0.1951768758612448,0.6481587003497009,0.0,0.0,0.0,0.0,0.0,9.0,1.0,1.0,1.0,1.0
2025-03-11,4.0,2.240714285714286,3.0,41.34,0.0,0.7364360854319413,0.15666442378905437,0.1951768758612448,0.6481587003497009,0.0,0.0,0.0,0.0,0.0,8.0,0.0,1.0,0.0,1.0
2025-03-12,4.0,2.2417142857142855,4.0,29.380000000000003,1.0,0.7667601325516187,0.15666442378905437,0.1951768758612448,0.6481587003497009,0.0,0.0,0.0,0.0,0.0,8.0,0.0,1.0,0.0,1.0
2025-03-13,5.0,1.1085714285714285,3.0,27.07,0.0,0.651159793814433,0.020459614423567543,0.9437112336833027,0.035829151893129726,0.0,0.0,0.0,0.0,0.0,2.0,0.0,1.0,1.0,1.0
2025-03-14,6.0,2.962,4.0,28.31,0.0,0.11141120864280891,0.127529290818212,0.6799324498159325,0.19253825936585564,0.0,2.0,4.0,0.0,7.5,0.0,0.0,0.0,0.0,0.0
2025-03-15,6.0,0.5387142857142857,4.0,26.5,1.0,0.0,0.127529290818212,0.6799324498159325,0.19253825936585564,0.0,0.0,0.0,0.0,0.0,0.0,0.0,0.0,0.0,0.0
2025-03-16,3.0,1.2807142857142857,3.0,21.79,0.0,0.7569436698271054,0.127529290818212,0.6799324498159325,0.19253825936585564,0.0,0.0,0.0,0.0,0.0,4.0,0.0,1.0,1.0,2.0
2025-03-17,6.0,0.48028571428571426,3.0,27.74,0.0,0.0,0.01720050326745126,0.9510563561373974,0.031743140595151424,0.0,2.0,2.0,0.0,2.0,0.0,0.0,0.0,0.0,0.0
2025-03-18,6.0,0.5788571428571428,4.0,30.44,0.0,0.18089832181638696,0.008540788083612869,0.9740827391276965,0.017376472788690586,0.0,0.0,0.0,0.0,0.0,4.0,1.0,0.0,1.0,4.0
2025-03-19,8.0,0.8574285714285714,4.0,23.98,0.0,0.0,0.25801894128743497,0.6618503521283684,0.08013070658419676,0.0,3.0,3.0,0.0,1.1666666666666667,0.0,0.0,0.0,0.0,0.0
2025-03-19,8.0,0.8574285714285714,4.0,23.98,0.0,0.0,0.5734351291997641,0.2574479110713854,0.16911695972885044,0.0,3.0,3.0,0.0,1.1666666666666667,0.0,0.0,0.0,0.0,0.0
2025-03-20,7.0,0.7792857142857144,4.0,25.84,0.0,0.0,0.017241888107256974,0.9512963281466301,0.03146178374611283,0.0,0.0,0.0,0.0,0.0,2.0,1.0,0.0,1.0,2.0
2025-03-21,7.0,0.7624285714285713,3.0,27.79,0.0,0.0,0.017241888107256974,0.9512963281466301,0.03146178374611283,0.0,0.0,0.0,0.0,0.0,4.0,1.0,0.0,1.0,2.0
2025-03-22,7.0,0.45428571428571424,3.0,18.28,0.0,0.0,0.11089749362295476,0.6452159057964735,0.24388660058057168,0.0,3.0,2.0,0.0,1.1666666666666667,0.0,0.0,0.0,0.0,0.0
2025-03-23,8.0,0.6141428571428571,3.0,28.549999999999997,0.0,0.33589206792277276,0.11089749362295476,0.6452159057964735,0.24388660058057168,0.0,0.0,0.0,0.0,0.0,1.0,1.0,0.0,1.0,1.0
2025-03-24,7.0,0.627,3.0,29.45,0.0,0.32900432900432897,0.11089749362295476,0.6452159057964735,0.24388660058057168,0.0,0.0,0.0,0.0,0.0,1.0,1.0,0.0,1.0,1.0
2025-03-25,8.0,0.6032857142857142,4.0,26.54,0.0,0.34193701160312573,0.11089749362295476,0.6452159057964735,0.24388660058057168,0.0,0.0,0.0,0.0,0.0,1.0,1.0,0.0,1.0,1.0
2025-03-26,8.0,0.7322857142857142,4.0,25.060000000000002,0.0,0.2817011314865392,0.028536158909470356,0.8943514288460651,0.07711241224446473,0.0,0.0,0.0,0.0,0.0,2.0,1.0,0.0,1.0,1.0
2025-03-27,6.0,0.5675714285714285,3.0,25.29,0.0,0.36345330984142965,0.028536158909470356,0.8943514288460651,0.07711241224446473,0.0,1.0,1.0,0.0,4.0,2.0,1.0,0.0,1.0,1.0
2025-03-28,6.0,0.59,3.0,26.86,0.0,0.349636803874092,0.028536158909470356,0.8943514288460651,0.07711241224446473,0.0,0.0,0.0,0.0,0.0,3.0,1.0,0.0,1.0,1.0
2025-03-29,8.0,1.4898571428571428,3.0,32.1,0.0,0.6922044299549334,0.028536158909470356,0.8943514288460651,0.07711241224446473,0.0,0.0,0.0,0.0,0.0,1.0,1.0,0.0,1.0,1.0
2025-03-30,6.0,0.3912857142857143,2.0,27.39,0.0,0.0,0.028536158909470356,0.8943514288460651,0.07711241224446473,0.0,0.0,0.0,0.0,0.0,1.0,1.0,0.0,1.0,1.0
2025-03-31,8.0,0.808,5.0,30.85,0.0,0.2772277227722772,0.041468317234809426,0.8987820159080003,0.05974966685719024,0.0,1.0,2.0,0.0,2.5,2.0,0.0,1.0,1.0,5.0
2025-04-01,9.0,2.383166666666667,4.0,11.239999999999998,0.0,0.4140149660815441,0.0,0.0,0.0,1.0,2.0,4.0,0.8888888888888888,4.5,4.0,1.0,0.0,1.0,3.0
2025-04-02,7.0,0.653,4.0,14.129999999999999,0.0,0.0,0.051708102247210626,0.8583749658977886,0.0899169318550008,0.0,3.0,3.0,0.0,2.6666666666666665,0.0,0.0,0.0,0.0,0.0
2025-04-03,11.0,0.7021666666666667,7.0,24.02,1.0,0.20555423688582958,0.028654944062778815,0.9397010407481423,0.031644015189079014,0.0,5.0,2.0,0.0,0.7,3.0,1.0,0.0,1.0,5.0
2025-04-04,4.0,0.6329999999999999,3.0,20.65,0.0,0.4562927856766719,0.028654944062778815,0.9397010407481423,0.031644015189079014,0.0,0.0,0.0,0.0,0.0,4.0,0.0,1.0,1.0,2.0
2025-04-05,5.0,0.43200000000000005,2.0,25.92,0.0,0.0,0.028654944062778815,0.9397010407481423,0.031644015189079014,0.0,0.0,0.0,0.0,0.0,0.0,0.0,0.0,0.0,0.0
2025-04-06,9.0,0.7243333333333334,4.0,36.97,1.0,0.0,0.05142518140176171,0.23223344063257725,0.7163413779656611,0.0,4.0,2.0,0.0,0.9375,0.0,0.0,0.0,0.0,0.0
2025-04-07,2.0,0.5535,2.0,33.21,0.0,0.0,0.05142518140176171,0.23223344063257725,0.7163413779656611,0.0,0.0,0.0,0.0,0.0,0.0,0.0,0.0,0.0,0.0
2025-04-08,4.0,0.5425,2.0,32.55,0.0,0.0,0.0889127404844271,0.3144292461365692,0.5966580133790036,0.0,0.0,0.0,0.0,0.0,0.0,0.0,0.0,0.0,0.0
2025-04-09,4.0,0.5535,2.0,33.21,0.0,0.0,0.08020490970286175,0.32570246452922313,0.5940926257679151,0.0,0.0,0.0,0.0,0.0,4.0,1.0,0.0,1.0,1.0
2025-04-10,5.0,0.5233333333333333,2.0,31.4,0.0,0.0,0.14120074025766696,0.7587842607252757,0.10001499901705745,0.0,1.0,1.0,0.0,0.25,0.0,0.0,0.0,0.0,0.0
2025-04-11,10.0,1.0395,4.0,32.120000000000005,0.0,0.0,0.14120074025766696,0.7587842607252757,0.10001499901705745,0.0,0.0,0.0,0.0,0.0,0.0,0.0,0.0,0.0,0.0
2025-04-12,7.0,0.9406666666666667,4.0,43.59,0.0,0.0,0.14977693640317713,0.22308624370106492,0.6271368198957579,0.0,1.0,2.0,0.0,0.25,0.0,0.0,0.0,0.0,0.0
2025-04-13,3.0,0.6458333333333334,3.0,37.31,1.0,0.0,0.14977693640317713,0.22308624370106492,0.6271368198957579,0.0,0.0,0.0,0.0,0.0,0.0,0.0,0.0,0.0,0.0
2025-04-14,5.0,0.802,3.0,40.9,1.0,0.0,0.014431131643261522,0.9645643441524717,0.02100452420426658,0.0,1.0,2.0,0.0,2.0,0.0,0.0,0.0,0.0,0.0
2025-04-15,8.0,0.7063333333333334,4.0,15.52,1.0,0.340726757904672,0.0,0.0,0.0,1.0,1.0,2.0,0.0,1.0,0.0,0.0,0.0,0.0,0.0
2025-04-16,0.0,0.0,0.0,0.0,0.0,0.0,0.0,0.0,0.0,1.0,3.0,4.0,0.6521739130434783,7.666666666666667,2.0,0.0,1.0,1.0,5.0
2025-04-17,0.0,0.0,0.0,0.0,0.0,0.0,0.0,0.0,0.0,1.0,1.0,5.0,0.0,2.5,0.0,0.0,0.0,0.0,0.0
2025-04-18,0.0,0.0,0.0,0.0,0.0,0.0,0.0,0.0,0.0,1.0,1.0,5.0,0.0,4.5,0.0,0.0,0.0,0.0,0.0
2025-04-19,0.0,0.0,0.0,0.0,0.0,0.0,0.0,0.0,0.0,1.0,0.0,0.0,0.0,0.0,0.0,0.0,0.0,0.0,0.0
2025-04-20,0.0,0.0,0.0,0.0,0.0,0.0,0.0,0.0,0.0,1.0,1.0,5.0,0.0,4.5,0.0,0.0,0.0,0.0,0.0
2025-04-21,0.0,0.0,0.0,0.0,0.0,0.0,0.0,0.0,0.0,1.0,0.0,0.0,0.0,0.0,0.0,0.0,0.0,0.0,0.0
2025-04-22,1.0,0.39633333333333337,1.0,0.0,0.0,0.0,0.0,0.0,0.0,1.0,2.0,5.0,0.0,2.0,2.0,1.0,0.0,1.0,3.0
2025-04-23,2.0,0.32933333333333337,2.0,5.05,0.0,0.0,0.0,0.0,0.0,1.0,0.0,0.0,0.0,0.0,0.0,0.0,0.0,0.0,0.0
2025-04-24,1.0,0.9473333333333334,1.0,0.0,0.0,0.0,0.0,0.0,0.0,1.0,0.0,0.0,0.0,0.0,0.0,0.0,0.0,0.0,0.0
2025-04-25,3.0,0.29100000000000004,2.0,10.4,0.0,0.4043528064146621,0.0,0.0,0.0,1.0,2.0,5.0,0.0,0.75,2.0,1.0,0.0,1.0,3.0
2025-04-26,0.0,0.0,0.0,0.0,0.0,0.0,0.0,0.0,0.0,1.0,0.0,0.0,0.0,0.0,0.0,0.0,0.0,0.0,0.0
2025-04-27,1.0,0.10533333333333333,1.0,6.32,0.0,0.0,0.0,0.0,0.0,1.0,2.0,5.0,0.0,0.75,8.0,1.0,0.0,1.0,3.0
2025-04-28,5.0,2.359166666666667,4.0,5.2,1.0,0.0,0.0,0.0,0.0,1.0,0.0,0.0,0.0,0.0,0.0,0.0,0.0,0.0,0.0
2025-04-29,2.0,2.1784999999999997,2.0,0.0,0.0,0.8527274118277103,0.0,0.0,0.0,1.0,0.0,0.0,0.0,0.0,0.0,0.0,0.0,0.0,0.0
2025-04-30,4.0,5.8998333333333335,3.0,0.0,1.0,0.8732167575355236,0.0,0.0,0.0,1.0,0.0,0.0,0.0,0.0,0.0,0.0,0.0,0.0,0.0
2025-05-01,1.0,0.17333333333333334,1.0,10.4,0.0,0.0,0.0,0.0,0.0,1.0,0.0,0.0,0.0,0.0,0.0,0.0,0.0,0.0,0.0
2025-05-02,3.0,0.5993333333333334,3.0,0.0,0.0,0.0,0.0,0.0,0.0,1.0,0.0,0.0,0.0,0.0,0.0,0.0,0.0,0.0,0.0
2025-05-03,4.0,1.018,2.0,23.259999999999998,0.0,0.0,0.0,0.0,0.0,1.0,2.0,5.0,0.0,2.875,0.0,0.0,0.0,0.0,0.0
2025-05-04,0.0,0.0,0.0,0.0,0.0,0.0,0.0,0.0,0.0,1.0,0.0,0.0,0.0,0.0,4.0,1.0,0.0,1.0,2.0
2025-05-05,0.0,0.0,0.0,0.0,0.0,0.0,0.0,0.0,0.0,1.0,2.0,5.0,0.0,1.0,4.0,1.0,0.0,1.0,2.0
2025-05-06,1.0,0.2786666666666667,1.0,16.72,0.0,0.0,0.0,0.0,0.0,1.0,0.0,0.0,0.0,0.0,0.0,0.0,0.0,0.0,0.0
2025-05-07,4.0,0.47050000000000003,1.0,28.23,0.0,0.0,0.0,0.0,0.0,1.0,0.0,0.0,0.0,0.0,2.0,1.0,0.0,1.0,2.0
2025-05-08,0.0,0.0,0.0,0.0,0.0,0.0,0.0,0.0,0.0,1.0,0.0,0.0,0.0,0.0,0.0,0.0,0.0,0.0,0.0
2025-05-09,0.0,0.0,0.0,0.0,0.0,0.0,0.0,0.0,0.0,1.0,0.0,0.0,0.0,0.0,0.0,0.0,0.0,0.0,0.0
2025-05-10,4.0,2.741833333333333,4.0,20.28,0.0,0.0,0.9252900823196146,0.04854744242291713,0.026162475257468176,0.0,1.0,5.0,0.0,2.0,0.0,0.0,0.0,0.0,0.0
2025-05-11,4.0,0.5894999999999999,2.0,35.37,0.0,0.0,0.8954993758269651,0.052055431599658385,0.05244519257337631,0.0,1.0,5.0,0.0,0.5,4.0,1.0,0.0,1.0,2.0
2025-05-12,5.0,1.1541666666666666,3.0,36.480000000000004,0.0,0.3969675090252707,0.0,0.0,0.0,1.0,1.0,5.0,0.0,0.5,8.0,1.0,0.0,1.0,2.0
2025-05-13,3.0,0.8445,2.0,23.18,0.0,0.5425300967041642,0.0,0.0,0.0,1.0,0.0,0.0,0.0,0.0,8.0,1.0,0.0,0.0,2.0
2025-05-14,3.0,0.8445,2.0,23.18,0.0,0.5425300967041642,0.0,0.0,0.0,1.0,0.0,0.0,0.0,0.0,8.0,1.0,0.0,0.0,2.0
2025-05-15,3.0,0.8445,2.0,23.18,0.0,0.5425300967041642,0.0,0.0,0.0,1.0,0.0,0.0,0.0,0.0,8.0,1.0,0.0,0.0,2.0
2025-05-16,4.0,1.4898333333333333,3.0,26.229999999999997,0.0,0.3075288063541783,0.0,0.0,0.0,1.0,1.0,4.0,0.0,0.5,8.0,1.0,0.0,0.0,2.0
2025-05-17,4.0,0.49683333333333335,3.0,13.38,1.0,0.0,0.0,0.0,0.0,1.0,1.0,5.0,0.0,2.0,1.0,1.0,0.0,1.0,2.0
2025-05-18,4.0,1.288,4.0,33.44,0.0,0.05771221532091097,0.0485971930255574,0.870450036486442,0.08095277048800058,0.0,1.0,5.0,0.0,3.5,1.0,1.0,0.0,1.0,2.0
2025-05-19,3.0,0.3703333333333333,2.0,22.22,0.0,0.0,0.017932211795856235,0.9539516574897173,0.028116130714426483,0.0,0.0,0.0,0.0,0.0,0.0,0.0,0.0,0.0,0.0
2025-05-20,3.0,0.5708333333333333,3.0,21.619999999999997,0.0,0.36875912408759126,0.017932211795856235,0.9539516574897173,0.028116130714426483,0.0,0.0,0.0,0.0,0.0,1.0,1.0,0.0,1.0,1.0
2025-05-21,3.0,0.4248333333333333,2.0,25.49,0.0,0.0,0.017932211795856235,0.9539516574897173,0.028116130714426483,0.0,2.0,5.0,0.0,0.5,0.0,0.0,0.0,0.0,0.0
2025-05-22,6.0,1.7511666666666665,5.0,48.97,0.0,0.0,0.7954580030550908,0.09916660010566136,0.10537539683924783,0.0,1.0,5.0,0.0,2.0,2.0,1.0,0.0,1.0,3.0
2025-05-23,3.0,0.6428333333333334,3.0,37.08,1.0,0.0,0.7954580030550908,0.09916660010566136,0.10537539683924783,0.0,0.0,0.0,0.0,0.0,8.0,1.0,0.0,1.0,3.0
2025-05-24,7.0,2.0396666666666667,4.0,47.629999999999995,0.0,0.0,0.9066144693591731,0.05438282385469042,0.039002706786136425,0.0,1.0,5.0,0.0,5.0,0.0,0.0,0.0,0.0,0.0
2025-05-25,2.0,0.5326666666666667,2.0,31.96,0.0,0.0,0.9066144693591731,0.05438282385469042,0.039002706786136425,0.0,0.0,0.0,0.0,0.0,0.0,0.0,0.0,0.0,0.0
2025-05-26,2.0,3.9011666666666667,2.0,11.15,0.0,0.9523646772333062,0.9066144693591731,0.05438282385469042,0.039002706786136425,0.0,0.0,0.0,0.0,0.0,8.0,0.0,1.0,1.0,3.0
2025-05-27,2.0,3.9011666666666667,2.0,11.15,0.0,0.9523646772333062,0.9066144693591731,0.05438282385469042,0.039002706786136425,0.0,0.0,0.0,0.0,0.0,8.0,0.0,1.0,0.0,3.0
2025-05-28,4.0,4.284999999999999,3.0,34.18,0.0,0.8670556203811747,0.9066144693591731,0.05438282385469042,0.039002706786136425,0.0,0.0,0.0,0.0,0.0,8.0,0.0,1.0,0.0,3.0
2025-05-29,2.0,3.9011666666666667,2.0,11.15,0.0,0.9523646772333062,0.9066144693591731,0.05438282385469042,0.039002706786136425,0.0,0.0,0.0,0.0,0.0,8.0,0.0,1.0,0.0,3.0
2025-05-30,2.0,3.9011666666666667,2.0,11.15,0.0,0.9523646772333062,0.9066144693591731,0.05438282385469042,0.039002706786136425,0.0,0.0,0.0,0.0,0.0,8.0,0.0,1.0,0.0,3.0
2025-05-31,1.0,0.18583333333333335,1.0,11.15,0.0,0.0,0.9066144693591731,0.05438282385469042,0.039002706786136425,0.0,0.0,0.0,0.0,0.0,8.0,0.0,1.0,0.0,3.0
2025-06-01,2.0,0.250875,2.0,20.07,0.0,0.0,0.9066144693591731,0.05438282385469042,0.039002706786136425,0.0,0.0,0.0,0.0,0.0,0.0,0.0,0.0,0.0,0.0
2025-06-02,4.0,0.9168749999999999,3.0,29.729999999999997,0.0,0.0,0.084884632552899,0.2280761930641437,0.6870391743829573,0.0,1.0,5.0,0.0,9.0,0.0,0.0,0.0,0.0,0.0
2025-06-03,5.0,2.415,3.0,29.729999999999997,0.0,0.8461180124223603,0.084884632552899,0.2280761930641437,0.6870391743829573,0.0,0.0,0.0,0.0,0.0,8.0,0.0,1.0,1.0,3.0
2025-06-04,4.0,0.626125,3.0,40.879999999999995,0.0,0.0,0.084884632552899,0.2280761930641437,0.6870391743829573,0.0,0.0,0.0,0.0,0.0,0.0,0.0,0.0,0.0,0.0
2025-06-05,5.0,0.9661249999999999,3.0,44.6,0.0,0.4229525164963126,0.084884632552899,0.2280761930641437,0.6870391743829573,0.0,2.0,5.0,0.0,1.0,2.0,1.0,0.0,1.0,3.0
2025-06-06,3.0,0.798875,3.0,22.89,0.0,0.0,0.8854493698790358,0.07448162719414493,0.04006900292681938,0.0,1.0,5.0,0.0,5.0,2.0,1.0,0.0,1.0,2.0
2025-06-07,3.0,0.22025,3.0,13.530000000000001,0.0,0.2321225879682179,0.8854493698790358,0.07448162719414493,0.04006900292681938,0.0,0.0,0.0,0.0,0.0,8.0,1.0,0.0,1.0,2.0
2025-06-08,7.0,1.30775,4.0,52.54,0.0,0.0,0.7015986503314491,0.0897981829927906,0.20860316667576032,0.0,1.0,5.0,0.0,5.0,1.0,1.0,0.0,1.0,4.0
2025-06-09,9.0,0.8536249999999999,5.0,42.65,3.0,0.0,0.013838926258162678,0.9254192202324762,0.06074185350936112,0.0,1.0,5.0,0.0,2.5,0.0,0.0,0.0,0.0,0.0
2025-06-10,7.0,0.812875,5.0,36.04,1.0,0.38858988159311086,0.013838926258162678,0.9254192202324762,0.06074185350936112,0.0,0.0,0.0,0.0,0.0,2.0,0.0,1.0,1.0,3.0
2025-06-11,4.0,0.53775,3.0,27.339999999999996,0.0,0.36448163644816367,0.013838926258162678,0.9254192202324762,0.06074185350936112,0.0,0.0,0.0,0.0,0.0,8.0,1.0,0.0,1.0,3.0
2025-06-12,4.0,0.52025,3.0,37.9,1.0,0.0,0.013838926258162678,0.9254192202324762,0.06074185350936112,0.0,0.0,0.0,0.0,0.0,0.0,0.0,0.0,0.0,0.0
2025-06-13,10.0,1.4285,7.0,30.84,1.0,0.05854042702135107,0.8868831282402517,0.07761591412348037,0.035500957636267955,0.0,1.0,5.0,0.0,1.0,4.0,1.0,0.0,1.0,3.0
2025-06-14,5.0,0.442125,4.0,30.84,0.0,0.0,0.8868831282402517,0.07761591412348037,0.035500957636267955,0.0,0.0,0.0,0.0,0.0,8.0,1.0,0.0,1.0,3.0
2025-06-15,7.0,0.9855,5.0,33.44,0.0,0.0,0.8868831282402517,0.07761591412348037,0.035500957636267955,0.0,0.0,0.0,0.0,0.0,8.0,1.0,0.0,1.0,3.0
2025-06-16,4.0,0.41525,3.0,30.84,0.0,0.0,0.8868831282402517,0.07761591412348037,0.035500957636267955,0.0,0.0,0.0,0.0,0.0,8.0,1.0,0.0,1.0,3.0
2025-06-17,1.0,0.18575,1.0,14.86,0.0,0.0,0.8868831282402517,0.07761591412348037,0.035500957636267955,0.0,0.0,0.0,0.0,0.0,4.0,1.0,0.0,1.0,3.0
2025-06-18,6.0,2.0768750000000002,5.0,31.73,1.0,0.06439963888052963,0.8333688649763915,0.08738639806212266,0.07924473696148564,0.0,0.0,0.0,0.0,0.0,4.0,1.0,0.0,1.0,3.0
2025-06-19,3.0,0.38275000000000003,3.0,23.93,0.0,0.0,0.8333688649763915,0.08738639806212266,0.07924473696148564,0.0,2.0,5.0,0.0,2.25,0.0,0.0,0.0,0.0,0.0
2025-06-20,2.0,1.486125,2.0,23.41,0.0,0.8030952981747834,0.8333688649763915,0.08738639806212266,0.07924473696148564,0.0,0.0,0.0,0.0,0.0,4.0,0.0,1.0,1.0,3.0
2025-06-21,5.0,1.38775,3.0,42.29,0.0,0.6190776436678077,0.8333688649763915,0.08738639806212266,0.07924473696148564,0.0,0.0,0.0,0.0,0.0,2.0,0.0,1.0,1.0,3.0
2025-06-22,5.0,0.606625,3.0,41.47,0.0,0.0,0.084884632552899,0.2280761930641437,0.6870391743829573,0.0,1.0,5.0,0.0,6.0,0.0,0.0,0.0,0.0,0.0
2025-06-23,4.0,1.8577499999999998,3.0,40.879999999999995,0.0,0.7249360785896919,0.084884632552899,0.2280761930641437,0.6870391743829573,0.0,0.0,0.0,0.0,0.0,4.0,0.0,1.0,1.0,3.0
2025-06-24,5.0,1.225125,3.0,48.67,0.0,0.0,0.7375607146775651,0.2048163045105613,0.057622980811873524,0.0,1.0,5.0,0.0,5.0,0.0,0.0,0.0,0.0,0.0
2025-06-25,2.0,0.36225,2.0,25.26,1.0,0.0,0.7375607146775651,0.2048163045105613,0.057622980811873524,0.0,0.0,0.0,0.0,0.0,8.0,1.0,0.0,1.0,2.0
2025-06-26,5.0,1.144375,5.0,34.18,0.0,0.02435827416712179,0.15307326089292206,0.21396201535947035,0.6329647237476076,0.0,1.0,5.0,0.0,3.0,2.0,1.0,0.0,1.0,3.0
2025-06-27,8.0,2.419625,6.0,51.269999999999996,3.0,0.0,0.10422973581887446,0.23945492624258444,0.6563153379385411,0.0,2.0,5.0,0.0,0.75,0.0,0.0,0.0,0.0,0.0
2025-06-28,5.0,1.0505,3.0,24.9,0.0,0.0,0.8148734801322947,0.1163647808407981,0.06876173902690719,0.0,1.0,5.0,0.0,8.0,0.0,0.0,0.0,0.0,0.0
2025-06-29,4.0,2.762625,3.0,26.009999999999998,0.0,0.8823130175105199,0.8148734801322947,0.1163647808407981,0.06876173902690719,0.0,0.0,0.0,0.0,0.0,0.0,0.0,0.0,0.0,0.0
2025-06-30,10.0,1.8605,6.0,49.19,0.0,0.2810400429991938,0.7151155162943783,0.23067719501212092,0.05420728869350072,0.0,0.0,0.0,0.0,0.0,10.0,1.0,1.0,1.0,3.0
2025-07-01,5.0,0.68275,4.0,50.68,0.0,0.0,0.8762099937210183,0.08065777212582634,0.04313223415315538,0.0,0.0,0.0,0.0,0.0,8.0,1.0,0.0,1.0,3.0
2025-07-02,8.0,1.3655,6.0,52.17,1.0,0.0,0.8066094721830369,0.09444000237056735,0.09895052544639574,0.0,0.0,0.0,0.0,0.0,8.0,1.0,0.0,1.0,3.0
2025-07-03,5.0,1.188875,4.0,50.68,0.0,0.0,0.8066094721830369,0.09444000237056735,0.09895052544639574,0.0,0.0,0.0,0.0,0.0,8.0,1.0,0.0,1.0,3.0
2025-07-04,4.0,0.657625,3.0,50.68,0.0,0.0,0.8066094721830369,0.09444000237056735,0.09895052544639574,0.0,0.0,0.0,0.0,0.0,8.0,1.0,0.0,1.0,3.0
2025-07-05,4.0,0.9400000000000001,3.0,32.7,0.0,0.0,0.8018489901324473,0.08999161192109345,0.10815939794645935,0.0,1.0,5.0,0.0,1.0,8.0,1.0,0.0,1.0,3.0
2025-07-06,5.0,0.60375,2.0,32.69,0.0,0.32318840579710145,0.8018489901324473,0.08999161192109345,0.10815939794645935,0.0,0.0,0.0,0.0,0.0,8.0,1.0,0.0,1.0,3.0
2025-07-06,5.0,0.60375,2.0,32.69,0.0,0.32318840579710145,0.7314014453760499,0.14533560033170462,0.12326295429224546,0.0,0.0,0.0,0.0,0.0,8.0,1.0,0.0,1.0,3.0
2025-07-07,1.0,0.278625,1.0,22.29,0.0,0.0,0.0,0.0,0.0,1.0,1.0,5.0,0.0,1.0,8.0,1.0,0.0,1.0,3.0
2025-07-08,4.0,1.207375,4.0,22.29,1.0,0.0,0.0,0.0,0.0,1.0,0.0,0.0,0.0,0.0,8.0,1.0,0.0,1.0,3.0
2025-07-09,2.0,1.077375,2.0,22.29,0.0,0.7413853115210581,0.0,0.0,0.0,1.0,0.0,0.0,0.0,0.0,10.0,1.0,1.0,1.0,3.0
2025-07-10,1.0,0.278625,1.0,22.29,0.0,0.0,0.0,0.0,0.0,1.0,0.0,0.0,0.0,0.0,10.0,1.0,1.0,1.0,3.0
2025-07-11,3.0,1.749875,1.0,0.0,0.0,0.0,0.0,0.0,0.0,1.0,2.0,5.0,0.0,3.75,8.0,1.0,0.0,1.0,3.0
2025-07-12,0.0,0.0,0.0,0.0,0.0,0.0,0.0,0.0,0.0,1.0,0.0,0.0,0.0,0.0,0.0,0.0,0.0,0.0,0.0
2025-07-13,3.0,1.5603333333333333,2.0,0.0,1.0,0.0,0.0,0.0,0.0,1.0,1.0,5.0,0.0,1.0,0.0,0.0,0.0,0.0,0.0
2025-07-14,7.0,0.7835000000000001,5.0,25.28,0.0,0.0,0.12286418829537443,0.8194698073304791,0.05766600437414639,0.0,3.0,4.0,0.0,1.6666666666666667,0.0,0.0,0.0,0.0,0.0
2025-07-15,7.0,0.5753333333333334,3.0,24.25,0.0,0.0,0.031278919576002005,0.9421757912794599,0.026545289144538173,0.0,2.0,2.0,0.0,1.5,0.0,0.0,0.0,0.0,0.0
2025-07-16,6.0,0.7446666666666667,4.0,11.77,1.0,0.6481647269471799,0.6308860165244995,0.2062148161611413,0.16289916731435913,0.0,0.0,0.0,0.0,0.0,8.0,0.0,1.0,1.0,2.0
2025-07-17,4.0,0.6248333333333334,4.0,4.66,1.0,0.770338757001867,0.6308860165244995,0.2062148161611413,0.16289916731435913,0.0,0.0,0.0,0.0,0.0,8.0,0.0,1.0,0.0,2.0
2025-07-18,7.0,1.0038333333333334,5.0,14.759999999999998,1.0,0.4794952681388013,0.020411549807050317,0.9462010621648475,0.03338738802810211,0.0,2.0,2.0,0.0,1.5,8.0,0.0,1.0,0.0,2.0
2025-07-19,6.0,0.6158333333333333,3.0,31.42,0.0,0.0,0.020411549807050317,0.9462010621648475,0.03338738802810211,0.0,0.0,0.0,0.0,0.0,4.0,1.0,0.0,1.0,2.0
2025-07-20,5.0,0.37600000000000006,2.0,22.560000000000002,0.0,0.0,0.006338527171363408,0.9808378059843705,0.012823666844266019,0.0,0.0,0.0,0.0,0.0,0.0,0.0,0.0,0.0,0.0
2025-07-21,4.0,0.17683333333333331,4.0,5.26,0.0,0.0,0.024516474815415946,0.9285666801737618,0.04691684501082245,0.0,1.0,1.0,0.0,5.5,0.0,0.0,0.0,0.0,0.0
2025-07-22,9.0,0.3398333333333333,3.0,14.07,0.0,0.0,0.024516474815415946,0.9285666801737618,0.04691684501082245,0.0,0.0,0.0,0.0,0.0,4.0,1.0,0.0,1.0,2.0
2025-07-23,11.0,0.44016666666666665,5.0,8.11,4.0,0.0,0.024516474815415946,0.9285666801737618,0.04691684501082245,0.0,0.0,0.0,0.0,0.0,0.0,0.0,0.0,0.0,0.0
2025-07-24,8.0,0.2938333333333334,5.0,4.44,3.0,0.12138400453771979,0.024516474815415946,0.9285666801737618,0.04691684501082245,0.0,0.0,0.0,0.0,0.0,4.0,1.0,0.0,1.0,2.0
2025-07-25,7.0,0.2658333333333333,5.0,5.1000000000000005,0.0,0.4125391849529781,0.0,0.0,0.0,1.0,0.0,0.0,0.0,0.0,8.0,1.0,0.0,1.0,2.0
2025-07-26,3.0,0.15616666666666665,2.0,2.79,0.0,0.7022411953041623,0.0,0.0,0.0,1.0,0.0,0.0,0.0,0.0,8.0,1.0,0.0,0.0,2.0
2025-07-27,4.0,0.14783333333333332,2.0,8.87,0.0,0.0,0.9556752398774935,0.025296138137785553,0.019028621984720922,0.0,0.0,0.0,0.0,0.0,0.0,0.0,0.0,0.0,0.0
2025-07-28,9.0,0.7681666666666668,4.0,12.33,2.0,0.0,0.01947930576429874,0.9476259643203475,0.0328947299153537,0.0,0.0,0.0,0.0,0.0,0.0,0.0,0.0,0.0,0.0
2025-07-29,7.0,0.534,4.0,11.190000000000001,0.0,0.0,0.07843065015509415,0.4058756574185077,0.5156936924263982,0.0,1.0,3.0,0.0,7.0,0.0,0.0,0.0,0.0,0.0
2025-07-30,2.0,0.03883333333333334,2.0,0.69,0.0,0.0,0.0,0.0,0.0,1.0,3.0,4.0,0.0,1.6666666666666667,0.0,0.0,0.0,0.0,0.0
2025-07-31,1.0,0.14366666666666666,1.0,8.62,0.0,0.0,0.0,0.0,0.0,1.0,0.0,0.0,0.0,0.0,0.0,0.0,0.0,0.0,0.0
2025-08-01,1.0,0.9894999999999999,1.0,0.0,1.0,0.0,0.0,0.0,0.0,1.0,0.0,0.0,0.0,0.0,0.0,0.0,0.0,0.0,0.0
2025-08-02,2.0,1.2074999999999998,2.0,0.0,1.0,0.0,0.0,0.0,0.0,1.0,0.0,0.0,0.0,0.0,0.0,0.0,0.0,0.0,0.0
2025-08-03,1.0,0.23333333333333334,1.0,0.0,0.0,1.0,0.0,0.0,0.0,1.0,1.0,3.0,1.0,12.0,4.0,1.0,0.0,1.0,5.0
2025-08-04,5.0,0.516,4.0,16.92,0.0,0.0,0.803647978642656,0.1329892091008326,0.06336281225651132,0.0,0.0,0.0,0.0,0.0,0.0,0.0,0.0,0.0,0.0
2025-08-05,4.0,0.33049999999999996,3.0,19.18,0.0,0.03277861825516894,0.803647978642656,0.1329892091008326,0.06336281225651132,0.0,0.0,0.0,0.0,0.0,8.0,1.0,0.0,1.0,5.0
2025-08-06,4.0,0.2945,2.0,4.96,0.0,0.0,0.0,0.0,0.0,1.0,2.0,2.0,0.0,2.5,0.0,0.0,0.0,0.0,0.0
2025-08-07,7.0,0.8918333333333333,4.0,26.919999999999998,0.0,0.0,0.015199913044755861,0.9511775389549975,0.03362254800024657,0.0,3.0,2.0,0.0,2.3333333333333335,0.0,0.0,0.0,0.0,0.0
2025-08-08,4.0,0.3645,2.0,21.87,0.0,0.0,0.051533944838291164,0.8875408430451512,0.060925212116557596,0.0,0.0,0.0,0.0,0.0,2.0,1.0,0.0,1.0,3.0
2025-08-09,4.0,0.36266666666666664,2.0,21.759999999999998,0.0,0.0,0.051533944838291164,0.8875408430451512,0.060925212116557596,0.0,0.0,0.0,0.0,0.0,2.0,1.0,0.0,1.0,3.0
2025-08-10,4.0,3.398333333333333,3.0,22.95,0.0,0.8874448258950466,0.01566541685292054,0.9412867274899182,0.04304785565716115,0.0,0.0,0.0,0.0,0.0,8.0,0.0,1.0,1.0,3.0
2025-08-11,6.0,0.7361666666666667,3.0,37.71,0.0,0.14625311297260585,0.01566541685292054,0.9412867274899182,0.04304785565716115,0.0,0.0,0.0,0.0,0.0,2.0,1.0,0.0,1.0,1.0
2025-08-11,6.0,0.7361666666666667,3.0,37.71,0.0,0.14625311297260585,0.01566541685292054,0.9412867274899182,0.04304785565716115,0.0,0.0,0.0,0.0,0.0,2.0,1.0,0.0,1.0,1.0
2025-08-12,7.0,1.2579999999999998,2.0,10.85,0.0,0.8562533121356651,0.0,0.0,0.0,1.0,0.0,0.0,0.0,0.0,4.0,0.0,1.0,1.0,3.0
2025-08-13,5.0,2.8848333333333334,3.0,21.44,0.0,0.8761338032237564,0.01566541685292054,0.9412867274899182,0.04304785565716115,0.0,0.0,0.0,0.0,0.0,9.0,1.0,1.0,1.0,3.0
2025-08-14,7.0,0.7181666666666667,3.0,25.86,0.0,0.39986075655604547,0.01566541685292054,0.9412867274899182,0.04304785565716115,0.0,0.0,0.0,0.0,0.0,2.0,1.0,0.0,1.0,2.0
2025-08-15,6.0,0.5386666666666666,3.0,25.86,0.0,0.1998762376237624,0.01566541685292054,0.9412867274899182,0.04304785565716115,0.0,0.0,0.0,0.0,0.0,4.0,1.0,0.0,1.0,3.0
2025-08-16,6.0,1.7378333333333336,4.0,25.21,2.0,0.6817876666346984,0.01566541685292054,0.9412867274899182,0.04304785565716115,0.0,0.0,0.0,0.0,0.0,4.0,0.0,1.0,1.0,3.0
2025-08-17,5.0,0.3105,3.0,15.08,0.0,0.0,0.0452871337261553,0.8791915100556174,0.07552135621822735,0.0,1.0,1.0,0.0,4.5,2.0,1.0,0.0,1.0,5.0
2025-08-18,7.0,0.5923333333333333,3.0,18.31,2.0,0.0,0.8948249145933821,0.060979122787680584,0.04419596261893739,0.0,0.0,0.0,0.0,0.0,0.0,0.0,0.0,0.0,0.0
2025-08-19,2.0,2.082333333333333,2.0,6.46,0.0,0.9482951816872099,0.8948249145933821,0.060979122787680584,0.04419596261893739,0.0,2.0,4.0,0.0,1.0,9.0,1.0,1.0,1.0,2.0
2025-08-20,4.0,0.21,3.0,7.21,1.0,0.0,0.8948249145933821,0.060979122787680584,0.04419596261893739,0.0,0.0,0.0,0.0,0.0,0.0,0.0,0.0,0.0,0.0
2025-08-21,3.0,0.3543333333333333,2.0,21.259999999999998,0.0,0.0,0.8948249145933821,0.060979122787680584,0.04419596261893739,0.0,0.0,0.0,0.0,0.0,1.0,1.0,0.0,1.0,4.0
2025-08-22,11.0,1.0503333333333333,4.0,22.09,4.0,0.341796255157093,0.8948249145933821,0.060979122787680584,0.04419596261893739,0.0,0.0,0.0,0.0,0.0,2.0,0.0,1.0,1.0,2.0
2025-08-23,6.0,0.38233333333333336,4.0,10.01,1.0,0.0,0.8948249145933821,0.060979122787680584,0.04419596261893739,0.0,0.0,0.0,0.0,0.0,0.0,0.0,0.0,0.0,0.0
2025-08-24,6.0,0.307,3.0,5.279999999999999,0.0,0.0,0.0,0.0,0.0,1.0,3.0,2.0,0.0,1.6666666666666667,0.0,0.0,0.0,0.0,0.0
2025-08-25,4.0,0.3268333333333333,2.0,19.61,0.0,0.0,0.01566541685292054,0.9412867274899182,0.04304785565716115,0.0,0.0,0.0,0.0,0.0,0.0,0.0,0.0,0.0,0.0
2025-08-26,2.0,1.1668333333333334,2.0,16.16,0.0,0.7691758320239965,0.01566541685292054,0.9412867274899182,0.04304785565716115,0.0,0.0,0.0,0.0,0.0,0.0,0.0,0.0,0.0,0.0
2025-08-27,6.0,1.1615,3.0,17.990000000000002,0.0,0.7418567943750898,0.01566541685292054,0.9412867274899182,0.04304785565716115,0.0,0.0,0.0,0.0,0.0,4.0,1.0,0.0,1.0,1.0
2025-08-28,8.0,0.6643333333333333,3.0,22.630000000000003,0.0,0.43226292022077273,0.01566541685292054,0.9412867274899182,0.04304785565716115,0.0,0.0,0.0,0.0,0.0,6.0,1.0,0.0,1.0,2.0
2025-08-29,6.0,0.6155,3.0,33.94,0.0,0.0,0.01566541685292054,0.9412867274899182,0.04304785565716115,0.0,0.0,0.0,0.0,0.0,0.0,0.0,0.0,0.0,0.0
2025-08-30,6.0,0.5493333333333333,4.0,27.58,1.0,0.0,0.01566541685292054,0.9412867274899182,0.04304785565716115,0.0,0.0,0.0,0.0,0.0,0.0,0.0,0.0,0.0,0.0
2025-08-31,6.0,1.0323333333333333,3.0,24.24,0.0,0.0,0.7745478188013056,0.16512871197816514,0.06032346922052936,0.0,2.0,2.0,0.0,6.25,0.0,0.0,0.0,0.0,0.0
2025-09-01,5.0,1.9528333333333332,4.0,22.39,1.0,0.7905607237347444,0.7745478188013056,0.16512871197816514,0.06032346922052936,0.0,0.0,0.0,0.0,0.0,4.0,0.0,1.0,1.0,3.0
2025-09-02,8.0,0.5423333333333333,3.0,22.87,0.0,0.0,0.8237592781648747,0.15185869091184787,0.024382030923277436,0.0,3.0,3.0,0.0,1.1666666666666667,0.0,0.0,0.0,0.0,0.0
2025-09-03,2.0,0.322,2.0,19.32,0.0,0.0,0.8237593424653447,0.15185863069816857,0.02438202683648683,0.0,0.0,0.0,0.0,0.0,0.0,0.0,0.0,0.0,0.0
2025-09-04,3.0,0.5746666666666668,3.0,19.62,0.0,0.43097447795823657,0.8237593424653447,0.15185863069816857,0.02438202683648683,0.0,0.0,0.0,0.0,0.0,2.0,1.0,0.0,1.0,3.0
2025-09-05,2.0,0.4396666666666667,2.0,26.380000000000003,0.0,0.0,0.8814215106447533,0.07370219451780324,0.04487629483744367,0.0,1.0,1.0,0.0,0.5,2.0,1.0,0.0,1.0,3.0
2025-09-06,4.0,0.4955,4.0,26.380000000000003,1.0,0.06256306760847628,0.8814215106447533,0.07370219451780324,0.04487629483744367,0.0,0.0,0.0,0.0,0.0,2.0,1.0,0.0,1.0,3.0
2025-09-07,3.0,0.4061666666666667,2.0,24.37,0.0,0.0,0.8814215106447533,0.07370219451780324,0.04487629483744367,0.0,0.0,0.0,0.0,0.0,2.0,1.0,0.0,1.0,3.0
2025-09-08,4.0,0.41733333333333333,3.0,24.3,0.0,0.0,0.8893305573627549,0.07174736530417125,0.03892207733307371,0.0,3.0,1.0,0.125,0.6666666666666666,4.0,1.0,0.0,1.0,5.0
2025-09-09,3.0,0.5660000000000001,3.0,22.81,0.0,0.3283274440518257,0.8893305573627549,0.07174736530417125,0.03892207733307371,0.0,0.0,0.0,0.0,0.0,0.0,0.0,0.0,0.0,0.0
2025-09-10,9.0,0.6481666666666667,3.0,25.13,3.0,0.0,0.8893305573627549,0.07174736530417125,0.03892207733307371,0.0,2.0,1.0,0.0,0.5,0.0,0.0,0.0,0.0,0.0
2025-09-11,3.0,0.4705,2.0,7.43,0.0,0.0,0.0,0.0,0.0,1.0,2.0,2.0,0.0,4.25,2.0,0.0,1.0,1.0,5.0
2025-09-12,4.0,1.1208333333333333,4.0,20.14,0.0,0.0,0.03422989315568503,0.9146346105708233,0.051135496273491794,0.0,1.0,5.0,0.0,6.5,0.0,0.0,0.0,0.0,0.0
2025-09-13,5.0,0.44966666666666666,3.0,24.6,0.0,0.0,0.021390819325014913,0.8988583533747209,0.0797508273002643,0.0,2.0,5.0,0.0,2.75,1.0,1.0,0.0,1.0,4.0
2025-09-14,5.0,0.9956666666666667,3.0,34.85,0.0,0.0,0.8348013672008905,0.10393725082853177,0.06126138197057787,0.0,1.0,5.0,0.0,10.0,0.0,0.0,0.0,0.0,0.0
2025-09-15,2.0,0.5635,2.0,13.38,0.0,0.6042590949423247,0.8348013672008905,0.10393725082853177,0.06126138197057787,0.0,0.0,0.0,0.0,0.0,2.0,0.0,1.0,1.0,2.0
2025-09-16,6.0,0.8173333333333335,3.0,29.87,0.0,0.0,0.7716952469473612,0.14159838818436093,0.08670636486827778,0.0,2.0,5.0,0.0,4.0,0.0,0.0,0.0,0.0,0.0
2025-09-17,3.0,0.9721666666666666,2.0,5.13,0.0,0.0,0.0,0.0,0.0,1.0,1.0,5.0,0.0,9.0,0.0,0.0,0.0,0.0,0.0
2025-09-18,4.0,0.5411666666666667,3.0,16.57,0.0,0.0,0.0,0.0,0.0,1.0,0.0,0.0,0.0,0.0,0.0,0.0,0.0,0.0,0.0
2025-09-19,3.0,0.3591666666666667,2.0,15.98,1.0,0.0,0.0,0.0,0.0,1.0,0.0,0.0,0.0,0.0,0.0,0.0,0.0,0.0,0.0
2025-09-20,1.0,0.29100000000000004,1.0,17.46,0.0,0.0,0.0,0.0,0.0,1.0,1.0,5.0,0.0,1.5,1.0,1.0,0.0,1.0,3.0
2025-09-21,2.0,0.42716666666666664,2.0,0.0,1.0,0.0,0.0,0.0,0.0,1.0,0.0,0.0,0.0,0.0,0.0,0.0,0.0,0.0,0.0
2025-09-22,4.0,0.8991666666666666,2.0,46.15,0.0,0.14457831325301207,0.0,0.0,0.0,1.0,0.0,0.0,0.0,0.0,3.0,1.0,0.0,1.0,1.0
2025-09-23,4.0,8.517833333333334,4.0,3.05,2.0,0.0,0.0,0.0,0.0,1.0,0.0,0.0,0.0,0.0,0.0,0.0,0.0,0.0,0.0
2025-09-24,1.0,0.322,1.0,0.0,1.0,0.0,0.0,0.0,0.0,1.0,1.0,5.0,0.0,1.5,0.0,0.0,0.0,0.0,0.0
2025-09-25,2.0,0.15483333333333335,2.0,2.6,0.0,0.0,0.0,0.0,0.0,1.0,3.0,4.0,0.0,5.0,0.0,0.0,0.0,0.0,0.0
2025-09-26,0.0,0.0,0.0,0.0,0.0,0.0,0.0,0.0,0.0,0.0,1.0,4.0,1.0,10.0,0.0,0.0,0.0,0.0,0.0
